date,shipped_kg
2016-12-21,6952.32
2016-12-22,144.0
2016-12-23,7441.92
2016-12-24,4556.16
2016-12-25,4550.4
2016-12-26,3991.68
2016-12-27,4239.36
2016-12-28,5224.32
2016-12-29,4608.0
2016-12-30,6445.44
2016-12-31,7413.12
2017-01-01,0.0
2017-01-02,0.0
2017-01-03,0.0
2017-01-04,10805.76
2017-01-05,7816.32
2017-01-06,9671.039999999999
2017-01-07,0.0
2017-01-08,0.0
2017-01-09,9648.0
2017-01-10,6520.32
2017-01-11,6186.24
2017-01-12,5984.639999999999
2017-01-13,7747.2
2017-01-14,0.0
2017-01-15,7021.44
2017-01-16,7891.2
2017-01-17,0.0
2017-01-18,8138.88
2017-01-19,6186.24
2017-01-20,7522.5599999999995
2017-01-21,0.0
2017-01-22,6203.5199999999995
2017-01-23,6739.2
2017-01-24,0.0
2017-01-25,8282.88
2017-01-26,6122.88
2017-01-27,7632.0
2017-01-28,0.0
2017-01-29,7349.759999999999
2017-01-30,7764.48
2017-01-31,0.0
2017-02-01,7839.36
2017-02-02,6180.48
2017-02-03,8300.16
2017-02-04,0.0
2017-02-05,6981.12
2017-02-06,6969.599999999999
2017-02-07,6364.8
2017-02-08,6462.719999999999
2017-02-09,10327.68
2017-02-10,0.0
2017-02-11,0.0
2017-02-12,11272.32
2017-02-13,9037.44
2017-02-14,0.0
2017-02-15,10702.08
2017-02-16,8069.759999999999
2017-02-17,10972.8
2017-02-18,0.0
2017-02-19,9521.279999999999
2017-02-20,9895.68
2017-02-21,0.0
2017-02-22,11877.119999999999
2017-02-23,8743.68
2017-02-24,10621.44
2017-02-25,0.0
2017-02-26,10713.6
2017-02-27,8576.64
2017-02-28,7741.44
2017-03-01,7781.759999999999
2017-03-02,7545.599999999999
2017-03-03,10460.16
2017-03-04,0.0
2017-03-05,10183.68
2017-03-06,11301.119999999999
2017-03-07,0.0
2017-03-08,15010.56
2017-03-09,10684.8
2017-03-10,13265.279999999999
2017-03-11,0.0
2017-03-12,13881.6
2017-03-13,13944.96
2017-03-14,0.0
2017-03-15,17608.32
2017-03-16,11583.359999999999
2017-03-17,11364.48
2017-03-18,11306.88
2017-03-19,0.0
2017-03-20,12735.359999999999
2017-03-21,10725.119999999999
2017-03-22,10915.199999999999
2017-03-23,9233.279999999999
2017-03-24,11053.439999999999
2017-03-25,0.0
2017-03-26,10771.199999999999
2017-03-27,12216.96
2017-03-28,0.0
2017-03-29,13749.119999999999
2017-03-30,9786.0
2017-03-31,14693.76
2017-04-01,0.0
2017-04-02,13478.4
2017-04-03,12539.52
2017-04-04,0.0
2017-04-05,15050.88
2017-04-06,11606.4
2017-04-07,14221.439999999999
2017-04-08,0.0
2017-04-09,15655.68
2017-04-10,13795.199999999999
2017-04-11,0.0
2017-04-12,18213.12
2017-04-13,11560.32
2017-04-14,14417.279999999999
2017-04-15,0.0
2017-04-16,14808.96
2017-04-17,12597.119999999999
2017-04-18,0.0
2017-04-19,16871.04
2017-04-20,13196.16
2017-04-21,15528.96
2017-04-22,0.0
2017-04-23,20246.399999999998
2017-04-24,14728.32
2017-04-25,15373.439999999999
2017-04-26,13288.32
2017-04-27,13196.16
2017-04-28,15171.84
2017-04-29,0.0
2017-04-30,14400.0
2017-05-01,12349.439999999999
2017-05-02,0.0
2017-05-03,18334.079999999998
2017-05-04,0.0
2017-05-05,14520.96
2017-05-06,0.0
2017-05-07,11738.88
2017-05-08,13104.0
2017-05-09,0.0
2017-05-10,18132.48
2017-05-11,12101.76
2017-05-12,14227.199999999999
2017-05-13,0.0
2017-05-14,12729.6
2017-05-15,9457.92
2017-05-16,13063.68
2017-05-17,11923.199999999999
2017-05-18,11698.56
2017-05-19,16329.599999999999
2017-05-20,0.0
2017-05-21,16179.84
2017-05-22,13916.16
2017-05-23,0.0
2017-05-24,16940.16
2017-05-25,10753.92
2017-05-26,15264.0
2017-05-27,0.0
2017-05-28,17521.92
2017-05-29,11923.199999999999
2017-05-30,14094.72
2017-05-31,13720.32
2017-06-01,11969.279999999999
2017-06-02,12954.24
2017-06-03,0.0
2017-06-04,11289.6
2017-06-05,12723.84
2017-06-06,0.0
2017-06-07,16680.96
2017-06-08,12608.64
2017-06-09,13789.439999999999
2017-06-10,0.0
2017-06-11,16277.76
2017-06-12,13737.6
2017-06-13,0.0
2017-06-14,16853.76
2017-06-15,7879.679999999999
2017-06-16,9406.08
2017-06-17,0.0
2017-06-18,11617.92
2017-06-19,10915.199999999999
2017-06-20,0.0
2017-06-21,12798.72
2017-06-22,7632.0
2017-06-23,10500.48
2017-06-24,0.0
2017-06-25,13708.8
2017-06-26,12942.72
2017-06-27,0.0
2017-06-28,16801.92
2017-06-29,10391.039999999999
2017-06-30,12055.68
2017-07-01,0.0
2017-07-02,12211.199999999999
2017-07-03,11001.6
2017-07-04,0.0
2017-07-05,8311.68
2017-07-06,4504.32
2017-07-07,5685.12
2017-07-08,0.0
2017-07-09,4970.88
2017-07-10,2551.68
2017-07-11,2914.56
2017-07-12,2344.3199999999997
2017-07-13,1560.96
2017-07-14,1704.96
2017-07-15,0.0
2017-07-16,0.0
2017-07-17,1244.1599999999999
2017-07-18,478.08
2017-07-19,599.04
2017-07-20,264.96
2017-07-21,34.56
2017-07-22,0.0
2017-07-23,0.0
2017-07-24,0.0
2017-07-25,0.0
2017-07-26,0.0
2017-07-27,0.0
2017-07-28,0.0
2017-07-29,0.0
2017-07-30,0.0
2017-07-31,0.0
2017-08-01,0.0
2017-08-02,0.0
2017-08-03,0.0
2017-08-04,0.0
2017-08-05,0.0
2017-08-06,0.0
2017-08-07,0.0
2017-08-08,0.0
2017-08-09,0.0
2017-08-10,0.0
2017-08-11,0.0
2017-08-12,0.0
2017-08-13,0.0
2017-08-14,0.0
2017-08-15,0.0
2017-08-16,0.0
2017-08-17,0.0
2017-08-18,0.0
2017-08-19,0.0
2017-08-20,0.0
2017-08-21,0.0
2017-08-22,0.0
2017-08-23,0.0
2017-08-24,0.0
2017-08-25,0.0
2017-08-26,0.0
2017-08-27,0.0
2017-08-28,0.0
2017-08-29,0.0
2017-08-30,0.0
2017-08-31,0.0
2017-09-01,0.0
2017-09-02,0.0
2017-09-03,0.0
2017-09-04,0.0
2017-09-05,0.0
2017-09-06,0.0
2017-09-07,0.0
2017-09-08,0.0
2017-09-09,0.0
2017-09-10,0.0
2017-09-11,0.0
2017-09-12,0.0
2017-09-13,0.0
2017-09-14,0.0
2017-09-15,0.0
2017-09-16,0.0
2017-09-17,0.0
2017-09-18,0.0
2017-09-19,0.0
2017-09-20,40.32
2017-09-21,109.44
2017-09-22,0.0
2017-09-23,0.0
2017-09-24,357.12
2017-09-25,293.76
2017-09-26,0.0
2017-09-27,178.56
2017-09-28,679.68
2017-09-29,783.36
2017-09-30,0.0
2017-10-01,673.92
2017-10-02,725.76
2017-10-03,0.0
2017-10-04,881.28
2017-10-05,622.0799999999999
2017-10-06,1215.36
2017-10-07,0.0
2017-10-08,0.0
2017-10-09,1463.04
2017-10-10,1134.72
2017-10-11,1249.9199999999998
2017-10-12,1042.56
2017-10-13,2880.0
2017-10-14,0.0
2017-10-15,1820.1599999999999
2017-10-16,2741.7599999999998
2017-10-17,0.0
2017-10-18,2384.64
2017-10-19,1595.52
2017-10-20,4164.48
2017-10-21,0.0
2017-10-22,4187.5199999999995
2017-10-23,3358.08
2017-10-24,0.0
2017-10-25,6387.84
2017-10-26,3427.2
2017-10-27,4337.28
2017-10-28,0.0
2017-10-29,5397.12
2017-10-30,3657.6
2017-10-31,4659.84
2017-11-01,4913.28
2017-11-02,0.0
2017-11-03,10114.56
2017-11-04,0.0
2017-11-05,11566.08
2017-11-06,10863.359999999999
2017-11-07,0.0
2017-11-08,12124.8
2017-11-09,7856.639999999999
2017-11-10,9993.6
2017-11-11,0.0
2017-11-12,10235.52
2017-11-13,10154.88
2017-11-14,0.0
2017-11-15,11525.76
2017-11-16,7200.0
2017-11-17,7378.5599999999995
2017-11-18,0.0
2017-11-19,8916.48
2017-11-20,5616.0
2017-11-21,8622.72
2017-11-22,0.0
2017-11-23,9527.039999999999
2017-11-24,9642.24
2017-11-25,0.0
2017-11-26,8928.0
2017-11-27,6935.04
2017-11-28,8202.24
2017-11-29,8219.52
2017-11-30,8559.36
2017-12-01,10961.279999999999
2017-12-02,0.0
2017-12-03,11030.4
2017-12-04,9296.64
2017-12-05,0.0
2017-12-06,12182.4
2017-12-07,8029.44
2017-12-08,10719.359999999999
2017-12-09,0.0
2017-12-10,9797.76
2017-12-11,7845.12
2017-12-12,7361.28
2017-12-13,7511.04
2017-12-14,6969.599999999999
2017-12-15,10160.64
2017-12-16,0.0
2017-12-17,9959.039999999999
2017-12-18,7407.36
2017-12-19,8346.24
2017-12-20,7234.5599999999995
2017-12-21,8087.04
2017-12-22,9561.6
2017-12-23,0.0
2017-12-24,11790.72
2017-12-25,8547.84
2017-12-26,9671.039999999999
2017-12-27,8985.6
2017-12-28,9982.08
2017-12-29,7856.639999999999
2017-12-30,11992.32
2017-12-31,12280.32
2018-01-01,0.0
2018-01-02,0.0
2018-01-03,0.0
2018-01-04,15298.56
2018-01-05,14342.4
2018-01-06,0.0
2018-01-07,0.0
2018-01-08,12407.039999999999
2018-01-09,8000.639999999999
2018-01-10,6439.679999999999
2018-01-11,6099.84
2018-01-12,7274.88
2018-01-13,0.0
2018-01-14,7770.24
2018-01-15,8012.16
2018-01-16,0.0
2018-01-17,10909.439999999999
2018-01-18,7741.44
2018-01-19,8686.08
2018-01-20,0.0
2018-01-21,9204.48
2018-01-22,8444.16
2018-01-23,0.0
2018-01-24,10978.56
2018-01-25,7626.24
2018-01-26,8403.84
2018-01-27,0.0
2018-01-28,9993.6
2018-01-29,8121.599999999999
2018-01-30,0.0
2018-01-31,12084.48
2018-02-01,8040.96
2018-02-02,9763.199999999999
2018-02-03,0.0
2018-02-04,9838.08
2018-02-05,9360.0
2018-02-06,0.0
2018-02-07,13196.16
2018-02-08,9417.6
2018-02-09,12349.439999999999
2018-02-10,0.0
2018-02-11,0.0
2018-02-12,15782.4
2018-02-13,9803.52
2018-02-14,9256.32
2018-02-15,8974.08
2018-02-16,12931.199999999999
2018-02-17,0.0
2018-02-18,12574.08
2018-02-19,12026.88
2018-02-20,0.0
2018-02-21,14290.56
2018-02-22,9878.4
2018-02-23,11854.08
2018-02-24,0.0
2018-02-25,11151.359999999999
2018-02-26,11030.4
2018-02-27,0.0
2018-02-28,14987.519999999999
2018-03-01,10051.199999999999
2018-03-02,11468.16
2018-03-03,0.0
2018-03-04,12320.64
2018-03-05,11335.68
2018-03-06,0.0
2018-03-07,18017.28
2018-03-08,10604.16
2018-03-09,10442.88
2018-03-10,0.0
2018-03-11,11162.88
2018-03-12,10016.64
2018-03-13,0.0
2018-03-14,15488.64
2018-03-15,10679.039999999999
2018-03-16,11393.279999999999
2018-03-17,0.0
2018-03-18,13495.68
2018-03-19,11946.24
2018-03-20,0.0
2018-03-21,16531.2
2018-03-22,14088.96
2018-03-23,14670.72
2018-03-24,0.0
2018-03-25,16876.8
2018-03-26,14924.16
2018-03-27,0.0
2018-03-28,19336.32
2018-03-29,11917.439999999999
2018-03-30,13749.119999999999
2018-03-31,0.0
2018-04-01,14204.16
2018-04-02,14371.199999999999
2018-04-03,0.0
2018-04-04,21196.8
2018-04-05,15108.48
2018-04-06,18034.559999999998
2018-04-07,0.0
2018-04-08,16081.92
2018-04-09,13092.48
2018-04-10,0.0
2018-04-11,17262.72
2018-04-12,12441.6
2018-04-13,15816.96
2018-04-14,0.0
2018-04-15,15505.92
2018-04-16,13691.519999999999
2018-04-17,0.0
2018-04-18,18086.399999999998
2018-04-19,12792.96
2018-04-20,14757.119999999999
2018-04-21,0.0
2018-04-22,15598.08
2018-04-23,11450.88
2018-04-24,0.0
2018-04-25,14785.92
2018-04-26,9100.8
2018-04-27,12706.56
2018-04-28,0.0
2018-04-29,15212.16
2018-04-30,12885.119999999999
2018-05-01,11727.359999999999
2018-05-02,15811.199999999999
2018-05-03,0.0
2018-05-04,17890.559999999998
2018-05-05,0.0
2018-05-06,15805.439999999999
2018-05-07,12689.279999999999
2018-05-08,0.0
2018-05-09,24946.559999999998
2018-05-10,12320.64
2018-05-11,13230.72
2018-05-12,0.0
2018-05-13,14958.72
2018-05-14,14048.64
2018-05-15,0.0
2018-05-16,15805.439999999999
2018-05-17,9509.76
2018-05-18,13219.199999999999
2018-05-19,0.0
2018-05-20,16041.599999999999
2018-05-21,11744.64
2018-05-22,0.0
2018-05-23,16490.88
2018-05-24,11802.24
2018-05-25,14486.4
2018-05-26,0.0
2018-05-27,16513.92
2018-05-28,13812.48
2018-05-29,0.0
2018-05-30,20563.2
2018-05-31,13150.08
2018-06-01,14100.48
2018-06-02,0.0
2018-06-03,15891.84
2018-06-04,13530.24
2018-06-05,0.0
2018-06-06,18414.719999999998
2018-06-07,11088.0
2018-06-08,11940.48
2018-06-09,0.0
2018-06-10,15759.359999999999
2018-06-11,15125.76
2018-06-12,0.0
2018-06-13,21358.079999999998
2018-06-14,11260.8
2018-06-15,12516.48
2018-06-16,0.0
2018-06-17,12453.119999999999
2018-06-18,11180.16
2018-06-19,0.0
2018-06-20,19088.64
2018-06-21,13495.68
2018-06-22,14883.84
2018-06-23,0.0
2018-06-24,13299.84
2018-06-25,7920.0
2018-06-26,0.0
2018-06-27,9642.24
2018-06-28,5696.639999999999
2018-06-29,8467.199999999999
2018-06-30,0.0
2018-07-01,9233.279999999999
2018-07-02,7493.759999999999
2018-07-03,0.0
2018-07-04,9561.6
2018-07-05,5909.76
2018-07-06,6336.0
2018-07-07,0.0
2018-07-08,6013.44
2018-07-09,3225.6
2018-07-10,2597.7599999999998
2018-07-11,3202.56
2018-07-12,1537.9199999999998
2018-07-13,1457.28
2018-07-14,0.0
2018-07-15,0.0
2018-07-16,1405.44
2018-07-17,167.04
2018-07-18,155.51999999999998
2018-07-19,97.92
2018-07-20,161.28
2018-07-21,0.0
2018-07-22,132.48
2018-07-23,144.0
2018-07-24,0.0
2018-07-25,161.28
2018-07-26,46.08
2018-07-27,80.64
2018-07-28,0.0
2018-07-29,0.0
2018-07-30,0.0
2018-07-31,0.0
2018-08-01,0.0
2018-08-02,0.0
2018-08-03,0.0
2018-08-04,0.0
2018-08-05,0.0
2018-08-06,0.0
2018-08-07,0.0
2018-08-08,0.0
2018-08-09,0.0
2018-08-10,0.0
2018-08-11,0.0
2018-08-12,0.0
2018-08-13,0.0
2018-08-14,0.0
2018-08-15,0.0
2018-08-16,0.0
2018-08-17,0.0
2018-08-18,0.0
2018-08-19,0.0
2018-08-20,0.0
2018-08-21,0.0
2018-08-22,0.0
2018-08-23,0.0
2018-08-24,0.0
2018-08-25,0.0
2018-08-26,0.0
2018-08-27,0.0
2018-08-28,0.0
2018-08-29,0.0
2018-08-30,0.0
2018-08-31,0.0
2018-09-01,0.0
2018-09-02,0.0
2018-09-03,0.0
2018-09-04,0.0
2018-09-05,0.0
2018-09-06,0.0
2018-09-07,0.0
2018-09-08,0.0
2018-09-09,0.0
2018-09-10,0.0
2018-09-11,0.0
2018-09-12,0.0
2018-09-13,0.0
2018-09-14,0.0
2018-09-15,0.0
2018-09-16,0.0
2018-09-17,0.0
2018-09-18,0.0
2018-09-19,0.0
2018-09-20,23.04
2018-09-21,17.28
2018-09-22,0.0
2018-09-23,0.0
2018-09-24,40.32
2018-09-25,80.64
2018-09-26,97.92
2018-09-27,149.76
2018-09-28,334.08
2018-09-29,0.0
2018-09-30,495.35999999999996
2018-10-01,645.12
2018-10-02,0.0
2018-10-03,357.12
2018-10-04,397.44
2018-10-05,696.9599999999999
2018-10-06,0.0
2018-10-07,0.0
2018-10-08,1468.8
2018-10-09,915.8399999999999
2018-10-10,1267.2
2018-10-11,1036.8
2018-10-12,2666.88
2018-10-13,0.0
2018-10-14,1105.92
2018-10-15,2720.16
2018-10-16,0.0
2018-10-17,2730.24
2018-10-18,3150.72
2018-10-19,3168.0
2018-10-20,0.0
2018-10-21,2304.0
2018-10-22,2655.36
2018-10-23,0.0
2018-10-24,2764.7999999999997
2018-10-25,2361.6
2018-10-26,2914.56
2018-10-27,0.0
2018-10-28,2977.92
2018-10-29,2517.12
2018-10-30,3133.44
2018-10-31,3427.2
2018-11-01,5080.32
2018-11-02,0.0
2018-11-03,0.0
2018-11-04,6537.599999999999
2018-11-05,5293.44
2018-11-06,0.0
2018-11-07,5172.48
2018-11-08,4821.12
2018-11-09,6048.0
2018-11-10,0.0
2018-11-11,6992.639999999999
2018-11-12,8248.32
2018-11-13,0.0
2018-11-14,11669.76
2018-11-15,8449.92
2018-11-16,9607.68
2018-11-17,0.0
2018-11-18,9671.039999999999
2018-11-19,7038.719999999999
2018-11-20,9031.68
2018-11-21,10500.48
2018-11-22,0.0
2018-11-23,14302.08
2018-11-24,0.0
2018-11-25,10494.72
2018-11-26,7902.719999999999
2018-11-27,7741.44
2018-11-28,7280.639999999999
2018-11-29,7689.599999999999
2018-11-30,8184.96
2018-12-01,0.0
2018-12-02,8524.8
2018-12-03,8565.119999999999
2018-12-04,0.0
2018-12-05,11986.56
2018-12-06,8985.6
2018-12-07,11145.6
2018-12-08,0.0
2018-12-09,9705.6
2018-12-10,9354.24
2018-12-11,0.0
2018-12-12,11957.76
2018-12-13,8472.96
2018-12-14,8208.0
2018-12-15,0.0
2018-12-16,6405.12
2018-12-17,6600.96
2018-12-18,5725.44
2018-12-19,6992.639999999999
2018-12-20,6618.24
2018-12-21,9907.199999999999
2018-12-22,0.0
2018-12-23,10080.0
2018-12-24,8064.0
2018-12-25,7171.2
2018-12-26,8179.2
2018-12-27,8893.44
2018-12-28,9786.24
2018-12-29,9751.68
2018-12-30,11422.08
2018-12-31,12689.279999999999
2019-01-01,0.0
2019-01-02,0.0
2019-01-03,0.0
2019-01-04,18397.44
2019-01-05,0.0
2019-01-06,13829.76
2019-01-07,10224.0
2019-01-08,0.0
2019-01-09,12021.119999999999
2019-01-10,8058.24
2019-01-11,10333.44
2019-01-12,103.67999999999999
2019-01-13,0.0
2019-01-14,10984.32
2019-01-15,7263.36
2019-01-16,6865.92
2019-01-17,7292.16
2019-01-18,8150.4
2019-01-19,0.0
2019-01-20,7960.32
2019-01-21,7827.84
2019-01-22,0.0
2019-01-23,10437.119999999999
2019-01-24,6716.16
2019-01-25,8726.4
2019-01-26,0.0
2019-01-27,8622.72
2019-01-28,7891.2
2019-01-29,0.0
2019-01-30,9918.72
2019-01-31,7125.12
2019-02-01,8472.96
2019-02-02,0.0
2019-02-03,7781.759999999999
2019-02-04,6998.4
2019-02-05,0.0
2019-02-06,10920.96
2019-02-07,6537.599999999999
2019-02-08,7966.08
2019-02-09,0.0
2019-02-10,0.0
2019-02-11,9682.56
2019-02-12,5760.0
2019-02-13,5840.639999999999
2019-02-14,5356.8
2019-02-15,6860.16
2019-02-16,0.0
2019-02-17,6906.24
2019-02-18,6577.92
2019-02-19,0.0
2019-02-20,9601.92
2019-02-21,5863.679999999999
2019-02-22,7937.28
2019-02-23,0.0
2019-02-24,7678.08
2019-02-25,7983.36
2019-02-26,0.0
2019-02-27,10270.08
2019-02-28,6998.4
2019-03-01,8864.64
2019-03-02,0.0
2019-03-03,8058.24
2019-03-04,7292.16
2019-03-05,0.0
2019-03-06,9878.4
2019-03-07,6814.08
2019-03-08,8035.2
2019-03-09,0.0
2019-03-10,8922.24
2019-03-11,7378.5599999999995
2019-03-12,0.0
2019-03-13,9699.84
2019-03-14,6894.719999999999
2019-03-15,8841.6
2019-03-16,0.0
2019-03-17,8576.64
2019-03-18,6376.32
2019-03-19,9596.16
2019-03-20,0.0
2019-03-21,11283.84
2019-03-22,10448.64
2019-03-23,0.0
2019-03-24,11404.8
2019-03-25,8991.359999999999
2019-03-26,0.0
2019-03-27,12608.64
2019-03-28,7672.32
2019-03-29,10287.359999999999
2019-03-30,0.0
2019-03-31,9619.199999999999
2019-04-01,8277.119999999999
2019-04-02,0.0
2019-04-03,12476.16
2019-04-04,7562.88
2019-04-05,10656.0
2019-04-06,0.0
2019-04-07,10684.8
2019-04-08,9452.16
2019-04-09,0.0
2019-04-10,14146.56
2019-04-11,8910.72
2019-04-12,9550.08
2019-04-13,0.0
2019-04-14,10586.88
2019-04-15,10074.24
2019-04-16,0.0
2019-04-17,15891.84
2019-04-18,10051.199999999999
2019-04-19,13167.359999999999
2019-04-20,0.0
2019-04-21,11952.0
2019-04-22,10454.4
2019-04-23,0.0
2019-04-24,19071.36
2019-04-25,11980.8
2019-04-26,14774.4
2019-04-27,0.0
2019-04-28,14866.56
2019-04-29,8841.6
2019-04-30,0.0
2019-05-01,12032.64
2019-05-02,9008.64
2019-05-03,12153.6
2019-05-04,0.0
2019-05-05,13979.519999999999
2019-05-06,10183.68
2019-05-07,0.0
2019-05-08,17205.12
2019-05-09,9688.32
2019-05-10,11750.4
2019-05-11,0.0
2019-05-12,15091.199999999999
2019-05-13,12314.88
2019-05-14,0.0
2019-05-15,21421.44
2019-05-16,10172.16
2019-05-17,13161.6
2019-05-18,0.0
2019-05-19,13213.439999999999
2019-05-20,12159.359999999999
2019-05-21,0.0
2019-05-22,20534.399999999998
2019-05-23,10362.24
2019-05-24,14031.359999999999
2019-05-25,0.0
2019-05-26,13593.6
2019-05-27,12032.64
2019-05-28,0.0
2019-05-29,16888.32
2019-05-30,9031.68
2019-05-31,14780.16
2019-06-01,0.0
2019-06-02,19290.239999999998
2019-06-03,16162.56
2019-06-04,0.0
2019-06-05,28967.039999999997
2019-06-06,13760.64
2019-06-07,15759.359999999999
2019-06-08,0.0
2019-06-09,12395.52
2019-06-10,9584.64
2019-06-11,0.0
2019-06-12,13161.6
2019-06-13,9210.24
2019-06-14,14175.359999999999
2019-06-15,0.0
2019-06-16,16715.52
2019-06-17,11157.119999999999
2019-06-18,0.0
2019-06-19,12764.16
2019-06-20,7971.84
2019-06-21,11571.84
2019-06-22,0.0
2019-06-23,11802.24
2019-06-24,9429.119999999999
2019-06-25,0.0
2019-06-26,16940.16
2019-06-27,10373.76
2019-06-28,12994.56
2019-06-29,0.0
2019-06-30,12833.279999999999
2019-07-01,6036.48
2019-07-02,0.0
2019-07-03,7539.84
2019-07-04,4942.08
2019-07-05,5794.5599999999995
2019-07-06,0.0
2019-07-07,7148.16
2019-07-08,4331.5199999999995
2019-07-09,0.0
2019-07-10,5149.44
2019-07-11,3456.0
2019-07-12,3836.16
2019-07-13,0.0
2019-07-14,0.0
2019-07-15,1514.8799999999999
2019-07-16,662.4
2019-07-17,334.08
2019-07-18,276.48
2019-07-19,443.52
2019-07-20,0.0
2019-07-21,316.8
2019-07-22,184.32
2019-07-23,0.0
2019-07-24,403.2
2019-07-25,178.56
2019-07-26,167.04
2019-07-27,0.0
2019-07-28,218.88
2019-07-29,172.79999999999998
2019-07-30,0.0
2019-07-31,247.67999999999998
2019-08-01,69.12
2019-08-02,51.839999999999996
2019-08-03,0.0
2019-08-04,0.0
2019-08-05,28.799999999999997
2019-08-06,0.0
2019-08-07,63.36
2019-08-08,17.28
2019-08-09,46.08
2019-08-10,0.0
2019-08-11,34.56
2019-08-12,34.56
2019-08-13,0.0
2019-08-14,0.0
2019-08-15,0.0
2019-08-16,28.799999999999997
2019-08-17,0.0
2019-08-18,0.0
2019-08-19,0.0
2019-08-20,0.0
2019-08-21,0.0
2019-08-22,0.0
2019-08-23,0.0
2019-08-24,0.0
2019-08-25,0.0
2019-08-26,0.0
2019-08-27,0.0
2019-08-28,0.0
2019-08-29,0.0
2019-08-30,0.0
2019-08-31,0.0
2019-09-01,0.0
2019-09-02,0.0
2019-09-03,0.0
2019-09-04,0.0
2019-09-05,0.0
2019-09-06,0.0
2019-09-07,0.0
2019-09-08,0.0
2019-09-09,0.0
2019-09-10,0.0
2019-09-11,0.0
2019-09-12,0.0
2019-09-13,0.0
2019-09-14,0.0
2019-09-15,0.0
2019-09-16,0.0
2019-09-17,0.0
2019-09-18,0.0
2019-09-19,0.0
2019-09-20,0.0
2019-09-21,0.0
2019-09-22,0.0
2019-09-23,57.599999999999994
2019-09-24,247.67999999999998
2019-09-25,5.76
2019-09-26,259.2
2019-09-27,184.32
2019-09-28,0.0
2019-09-29,195.84
2019-09-30,334.08
2019-10-01,0.0
2019-10-02,362.88
2019-10-03,656.64
2019-10-04,852.48
2019-10-05,0.0
2019-10-06,910.0799999999999
2019-10-07,1140.48
2019-10-08,0.0
2019-10-09,1543.6799999999998
2019-10-10,2056.3199999999997
2019-10-11,1445.76
2019-10-12,0.0
2019-10-13,0.0
2019-10-14,1612.8
2019-10-15,1895.04
2019-10-16,1203.84
2019-10-17,1618.56
2019-10-18,1912.32
2019-10-19,0.0
2019-10-20,3352.3199999999997
2019-10-21,0.0
2019-10-22,5333.76
2019-10-23,3369.6
2019-10-24,3686.3999999999996
2019-10-25,5264.639999999999
2019-10-26,0.0
2019-10-27,6192.0
2019-10-28,4366.08
2019-10-29,0.0
2019-10-30,8611.199999999999
2019-10-31,6612.48
2019-11-01,6209.28
2019-11-02,0.0
2019-11-03,0.0
2019-11-04,8968.32
2019-11-05,4354.5599999999995
2019-11-06,5160.96
2019-11-07,5541.12
2019-11-08,5685.12
2019-11-09,0.0
2019-11-10,8398.08
2019-11-11,4429.44
2019-11-12,0.0
2019-11-13,9204.48
2019-11-14,5708.16
2019-11-15,6531.84
2019-11-16,0.0
2019-11-17,7948.799999999999
2019-11-18,6001.92
2019-11-19,0.0
2019-11-20,10753.92
2019-11-21,9031.68
2019-11-22,0.0
2019-11-23,0.0
2019-11-24,11548.8
2019-11-25,7488.0
2019-11-26,0.0
2019-11-27,10563.84
2019-11-28,6785.28
2019-11-29,7384.32
2019-11-30,0.0
2019-12-01,8311.68
2019-12-02,9210.24
2019-12-03,0.0
2019-12-04,11548.8
2019-12-05,8346.24
2019-12-06,9774.72
2019-12-07,0.0
2019-12-08,11427.84
2019-12-09,9267.84
2019-12-10,0.0
2019-12-11,13829.76
2019-12-12,10846.08
2019-12-13,12625.92
2019-12-14,0.0
2019-12-15,16548.48
2019-12-16,12746.88
2019-12-17,0.0
2019-12-18,18771.84
2019-12-19,11139.84
2019-12-20,12672.0
2019-12-21,0.0
2019-12-22,11208.96
2019-12-23,7712.639999999999
2019-12-24,7505.28
2019-12-25,7188.48
2019-12-26,7660.799999999999
2019-12-27,7603.2
2019-12-28,6837.12
2019-12-29,6353.28
2019-12-30,8703.36
2019-12-31,11214.72
2020-01-01,0.0
2020-01-02,0.0
2020-01-03,0.0
2020-01-04,12781.439999999999
2020-01-05,11306.88
2020-01-06,0.0
2020-01-07,0.0
2020-01-08,15448.32
2020-01-09,9204.48
2020-01-10,9383.039999999999
2020-01-11,0.0
2020-01-12,0.0
2020-01-13,11145.6
2020-01-14,6923.5199999999995
2020-01-15,5748.48
2020-01-16,6359.04
2020-01-17,7678.08
2020-01-18,0.0
2020-01-19,6405.12
2020-01-20,5592.96
2020-01-21,0.0
2020-01-22,7672.32
2020-01-23,5454.719999999999
2020-01-24,6589.44
2020-01-25,0.0
2020-01-26,6071.04
2020-01-27,5541.12
2020-01-28,0.0
2020-01-29,6871.679999999999
2020-01-30,4429.44
2020-01-31,5725.44
2020-02-01,0.0
2020-02-02,6278.4
2020-02-03,6048.0
2020-02-04,0.0
2020-02-05,8144.639999999999
2020-02-06,6456.96
2020-02-07,8369.279999999999
2020-02-08,0.0
2020-02-09,10903.68
2020-02-10,0.0
2020-02-11,10938.24
2020-02-12,7695.36
2020-02-13,7441.92
2020-02-14,10321.92
2020-02-15,0.0
2020-02-16,9325.44
2020-02-17,7597.44
2020-02-18,0.0
2020-02-19,9809.279999999999
2020-02-20,6226.5599999999995
2020-02-21,7741.44
2020-02-22,0.0
2020-02-23,0.0
2020-02-24,9936.0
2020-02-25,5408.639999999999
2020-02-26,4746.24
2020-02-27,4677.12
2020-02-28,6122.88
2020-02-29,0.0
2020-03-01,5598.719999999999
2020-03-02,6393.599999999999
2020-03-03,0.0
2020-03-04,7873.92
2020-03-05,5736.96
2020-03-06,7413.12
2020-03-07,0.0
2020-03-08,7004.16
2020-03-09,7361.28
2020-03-10,0.0
2020-03-11,9060.48
2020-03-12,6094.08
2020-03-13,8593.92
2020-03-14,0.0
2020-03-15,8968.32
2020-03-16,7004.16
2020-03-17,5454.719999999999
2020-03-18,10177.92
2020-03-19,0.0
2020-03-20,14342.4
2020-03-21,0.0
2020-03-22,11865.6
2020-03-23,10051.199999999999
2020-03-24,0.0
2020-03-25,13622.4
2020-03-26,9077.76
2020-03-27,11208.96
2020-03-28,0.0
2020-03-29,10719.359999999999
2020-03-30,10713.6
2020-03-31,0.0
2020-04-01,12078.72
2020-04-02,7326.719999999999
2020-04-03,10586.88
2020-04-04,0.0
2020-04-05,10558.08
2020-04-06,9463.68
2020-04-07,0.0
2020-04-08,11796.48
2020-04-09,8726.4
2020-04-10,9740.16
2020-04-11,0.0
2020-04-12,10920.96
2020-04-13,9619.199999999999
2020-04-14,0.0
2020-04-15,15068.16
2020-04-16,9285.119999999999
2020-04-17,11784.96
2020-04-18,0.0
2020-04-19,12637.439999999999
2020-04-20,10270.08
2020-04-21,0.0
2020-04-22,13737.6
2020-04-23,7787.5199999999995
2020-04-24,11560.32
2020-04-25,0.0
2020-04-26,11842.56
2020-04-27,10586.88
2020-04-28,0.0
2020-04-29,14267.519999999999
2020-04-30,9377.279999999999
2020-05-01,12188.16
2020-05-02,0.0
2020-05-03,14169.6
2020-05-04,12130.56
2020-05-05,0.0
2020-05-06,17994.239999999998
2020-05-07,12648.96
2020-05-08,13858.56
2020-05-09,0.0
2020-05-10,15275.519999999999
2020-05-11,13484.16
2020-05-12,0.0
2020-05-13,19664.64
2020-05-14,11842.56
2020-05-15,14538.24
2020-05-16,0.0
2020-05-17,14342.4
2020-05-18,10028.16
2020-05-19,0.0
2020-05-20,15926.4
2020-05-21,12683.52
2020-05-22,16035.84
2020-05-23,0.0
2020-05-24,16185.599999999999
2020-05-25,12470.4
2020-05-26,0.0
2020-05-27,18564.48
2020-05-28,12067.199999999999
2020-05-29,14348.16
2020-05-30,0.0
2020-05-31,14613.119999999999
2020-06-01,12712.32
2020-06-02,0.0
2020-06-03,20108.16
2020-06-04,12533.76
2020-06-05,15586.56
2020-06-06,0.0
2020-06-07,15148.8
2020-06-08,12908.16
2020-06-09,0.0
2020-06-10,14244.48
2020-06-11,10460.16
2020-06-12,15770.88
2020-06-13,0.0
2020-06-14,15943.68
2020-06-15,11404.8
2020-06-16,0.0
2020-06-17,14641.92
2020-06-18,11157.119999999999
2020-06-19,13806.72
2020-06-20,0.0
2020-06-21,11738.88
2020-06-22,10759.68
2020-06-23,0.0
2020-06-24,14745.599999999999
2020-06-25,9855.359999999999
2020-06-26,12032.64
2020-06-27,0.0
2020-06-28,8933.76
2020-06-29,7937.28
2020-06-30,0.0
2020-07-01,7977.599999999999
2020-07-02,5639.04
2020-07-03,9342.72
2020-07-04,0.0
2020-07-05,6445.44
2020-07-06,4930.5599999999995
2020-07-07,0.0
2020-07-08,4464.0
2020-07-09,2839.68
2020-07-10,2972.16
2020-07-11,0.0
2020-07-12,1739.52
2020-07-13,1255.68
2020-07-14,0.0
2020-07-15,518.4
2020-07-16,351.36
2020-07-17,547.1999999999999
2020-07-18,0.0
2020-07-19,345.59999999999997
2020-07-20,195.84
2020-07-21,213.12
2020-07-22,0.0
2020-07-23,138.24
2020-07-24,167.04
2020-07-25,0.0
2020-07-26,92.16
2020-07-27,293.76
2020-07-28,0.0
2020-07-29,115.19999999999999
2020-07-30,115.19999999999999
2020-07-31,184.32
2020-08-01,0.0
2020-08-02,23.04
2020-08-03,0.0
2020-08-04,0.0
2020-08-05,0.0
2020-08-06,0.0
2020-08-07,0.0
2020-08-08,0.0
2020-08-09,0.0
2020-08-10,0.0
2020-08-11,0.0
2020-08-12,0.0
2020-08-13,0.0
2020-08-14,0.0
2020-08-15,0.0
2020-08-16,0.0
2020-08-17,0.0
2020-08-18,0.0
2020-08-19,0.0
2020-08-20,0.0
2020-08-21,0.0
2020-08-22,0.0
2020-08-23,0.0
2020-08-24,0.0
2020-08-25,0.0
2020-08-26,0.0
2020-08-27,0.0
2020-08-28,0.0
2020-08-29,0.0
2020-08-30,5.76
2020-08-31,0.0
2020-09-01,0.0
2020-09-02,11.52
2020-09-03,0.0
2020-09-04,23.04
2020-09-05,0.0
2020-09-06,86.39999999999999
2020-09-07,23.04
2020-09-08,0.0
2020-09-09,74.88
2020-09-10,11.52
2020-09-11,5.76
2020-09-12,0.0
2020-09-13,103.67999999999999
2020-09-14,11.52
2020-09-15,0.0
2020-09-16,276.48
2020-09-17,184.32
2020-09-18,34.56
2020-09-19,0.0
2020-09-20,408.96
2020-09-21,0.0
2020-09-22,0.0
2020-09-23,299.52
2020-09-24,132.48
2020-09-25,478.08
2020-09-26,0.0
2020-09-27,541.4399999999999
2020-09-28,362.88
2020-09-29,0.0
2020-09-30,835.1999999999999
2020-10-01,374.4
2020-10-02,460.79999999999995
2020-10-03,0.0
2020-10-04,731.52
2020-10-05,1042.56
2020-10-06,0.0
2020-10-07,2384.64
2020-10-08,1330.56
2020-10-09,1307.52
2020-10-10,0.0
2020-10-11,1491.84
2020-10-12,1347.84
2020-10-13,0.0
2020-10-14,2862.72
2020-10-15,1664.6399999999999
2020-10-16,2845.44
2020-10-17,0.0
2020-10-18,1866.24
2020-10-19,3300.48
2020-10-20,0.0
2020-10-21,5397.12
2020-10-22,3859.2
2020-10-23,5414.4
2020-10-24,0.0
2020-10-25,7966.08
2020-10-26,5875.2
2020-10-27,0.0
2020-10-28,6209.28
2020-10-29,3715.2
2020-10-30,4867.2
2020-10-31,0.0
2020-11-01,4907.5199999999995
2020-11-02,0.0
2020-11-03,5633.28
2020-11-04,4631.04
2020-11-05,4746.24
2020-11-06,5402.88
2020-11-07,0.0
2020-11-08,5581.44
2020-11-09,5892.48
2020-11-10,0.0
2020-11-11,7050.24
2020-11-12,5656.32
2020-11-13,7303.679999999999
2020-11-14,0.0
2020-11-15,9982.08
2020-11-16,9918.72
2020-11-17,0.0
2020-11-18,12147.84
2020-11-19,7885.44
2020-11-20,12942.72
2020-11-21,0.0
2020-11-22,0.0
2020-11-23,16986.239999999998
2020-11-24,9578.88
2020-11-25,11318.4
2020-11-26,8582.4
2020-11-27,11053.439999999999
2020-11-28,0.0
2020-11-29,10321.92
2020-11-30,9060.48
2020-12-01,0.0
2020-12-02,11848.32
2020-12-03,8870.4
2020-12-04,10183.68
2020-12-05,0.0
2020-12-06,10846.08
2020-12-07,9699.84
2020-12-08,0.0
2020-12-09,10967.039999999999
2020-12-10,7845.12
2020-12-11,10097.279999999999
2020-12-12,0.0
2020-12-13,9613.44
2020-12-14,10869.119999999999
2020-12-15,0.0
2020-12-16,14019.84
2020-12-17,10702.08
2020-12-18,12764.16
2020-12-19,0.0
2020-12-20,13236.48
2020-12-21,10897.92
2020-12-22,0.0
2020-12-23,14613.119999999999
2020-12-24,9780.48
2020-12-25,12147.84
2020-12-26,0.0
2020-12-27,11600.64
2020-12-28,9250.56
2020-12-29,10114.56
2020-12-30,12188.16
2020-12-31,15212.16
2021-01-01,0.0
2021-01-02,0.0
2021-01-03,0.0
2021-01-04,20730.239999999998
2021-01-05,0.0
2021-01-06,14302.08
2021-01-07,9164.16
2021-01-08,12510.72
2021-01-09,0.0
2021-01-10,0.0
2021-01-11,13207.68
2021-01-12,7966.08
2021-01-13,8375.039999999999
2021-01-14,7200.0
2021-01-15,9429.119999999999
2021-01-16,0.0
2021-01-17,10097.279999999999
2021-01-18,9313.92
2021-01-19,0.0
2021-01-20,10275.84
2021-01-21,7632.0
2021-01-22,10235.52
2021-01-23,0.0
2021-01-24,10195.199999999999
2021-01-25,7971.84
2021-01-26,0.0
2021-01-27,9383.039999999999
2021-01-28,7447.679999999999
2021-01-29,9112.32
2021-01-30,0.0
2021-01-31,7176.96
2021-02-01,7891.2
2021-02-02,0.0
2021-02-03,9440.64
2021-02-04,6923.5199999999995
2021-02-05,10154.88
2021-02-06,0.0
2021-02-07,8611.199999999999
2021-02-08,7349.759999999999
2021-02-09,10350.72
2021-02-10,0.0
2021-02-11,11324.16
2021-02-12,11289.6
2021-02-13,0.0
2021-02-14,10316.16
2021-02-15,9515.52
2021-02-16,0.0
2021-02-17,10368.0
2021-02-18,7257.599999999999
2021-02-19,10056.96
2021-02-20,0.0
2021-02-21,10638.72
2021-02-22,0.0
2021-02-23,10039.68
2021-02-24,6307.2
2021-02-25,6088.32
2021-02-26,8835.84
2021-02-27,0.0
2021-02-28,8202.24
2021-03-01,7908.48
2021-03-02,0.0
2021-03-03,9941.76
2021-03-04,8202.24
2021-03-05,10033.92
2021-03-06,0.0
2021-03-07,9993.6
2021-03-08,8962.56
2021-03-09,0.0
2021-03-10,10748.16
2021-03-11,7079.04
2021-03-12,10051.199999999999
2021-03-13,0.0
2021-03-14,9889.92
2021-03-15,6837.12
2021-03-16,5345.28
2021-03-17,7539.84
2021-03-18,13443.84
2021-03-19,0.0
2021-03-20,0.0
2021-03-21,19779.84
2021-03-22,13829.76
2021-03-23,0.0
2021-03-24,15955.199999999999
2021-03-25,10488.96
2021-03-26,13115.519999999999
2021-03-27,0.0
2021-03-28,12890.88
2021-03-29,12257.279999999999
2021-03-30,0.0
2021-03-31,15027.84
2021-04-01,10460.16
2021-04-02,14872.32
2021-04-03,0.0
2021-04-04,15776.64
2021-04-05,13536.0
2021-04-06,0.0
2021-04-07,14866.56
2021-04-08,10056.96
2021-04-09,12804.48
2021-04-10,0.0
2021-04-11,13363.199999999999
2021-04-12,12435.84
2021-04-13,0.0
2021-04-14,14561.279999999999
2021-04-15,9129.6
2021-04-16,12539.52
2021-04-17,0.0
2021-04-18,13000.32
2021-04-19,11445.119999999999
2021-04-20,0.0
2021-04-21,14895.359999999999
2021-04-22,10275.84
2021-04-23,14359.68
2021-04-24,0.0
2021-04-25,13927.68
2021-04-26,9573.119999999999
2021-04-27,12844.8
2021-04-28,0.0
2021-04-29,16421.76
2021-04-30,17118.72
2021-05-01,0.0
2021-05-02,19722.239999999998
2021-05-03,15684.48
2021-05-04,0.0
2021-05-05,18650.88
2021-05-06,12551.039999999999
2021-05-07,14705.279999999999
2021-05-08,0.0
2021-05-09,15068.16
2021-05-10,14279.039999999999
2021-05-11,0.0
2021-05-12,19751.04
2021-05-13,13242.24
2021-05-14,16577.28
2021-05-15,0.0
2021-05-16,17343.36
2021-05-17,16030.08
2021-05-18,0.0
2021-05-19,25752.96
2021-05-20,13921.92
2021-05-21,13530.24
2021-05-22,0.0
2021-05-23,15845.76
2021-05-24,12326.4
2021-05-25,0.0
2021-05-26,19434.239999999998
2021-05-27,13564.8
2021-05-28,16064.64
2021-05-29,0.0
2021-05-30,16128.0
2021-05-31,15333.119999999999
2021-06-01,0.0
2021-06-02,21519.36
2021-06-03,15045.119999999999
2021-06-04,17717.76
2021-06-05,0.0
2021-06-06,19123.2
2021-06-07,15120.0
2021-06-08,0.0
2021-06-09,20229.12
2021-06-10,12107.52
2021-06-11,12804.48
2021-06-12,0.0
2021-06-13,12539.52
2021-06-14,10920.96
2021-06-15,0.0
2021-06-16,14976.0
2021-06-17,11139.84
2021-06-18,15281.279999999999
2021-06-19,0.0
2021-06-20,16300.8
2021-06-21,13478.4
2021-06-22,0.0
2021-06-23,16272.0
2021-06-24,9832.32
2021-06-25,12349.439999999999
2021-06-26,0.0
2021-06-27,13345.92
2021-06-28,9383.039999999999
2021-06-29,0.0
2021-06-30,11508.48
2021-07-01,7309.44
2021-07-02,7879.679999999999
2021-07-03,0.0
2021-07-04,8127.36
2021-07-05,6975.36
2021-07-06,0.0
2021-07-07,8081.28
2021-07-08,4590.72
2021-07-09,4343.04
2021-07-10,0.0
2021-07-11,2465.2799999999997
2021-07-12,1451.52
2021-07-13,0.0
2021-07-14,2200.3199999999997
2021-07-15,1296.0
2021-07-16,1025.28
2021-07-17,0.0
2021-07-18,437.76
2021-07-19,403.2
2021-07-20,299.52
2021-07-21,0.0
2021-07-22,178.56
2021-07-23,126.72
2021-07-24,0.0
2021-07-25,80.64
2021-07-26,0.0
2021-07-27,0.0
2021-07-28,23.04
2021-07-29,0.0
2021-07-30,0.0
2021-07-31,0.0
2021-08-01,0.0
2021-08-02,0.0
2021-08-03,0.0
2021-08-04,0.0
2021-08-05,0.0
2021-08-06,0.0
2021-08-07,0.0
2021-08-08,0.0
2021-08-09,0.0
2021-08-10,0.0
2021-08-11,0.0
2021-08-12,0.0
2021-08-13,0.0
2021-08-14,0.0
2021-08-15,0.0
2021-08-16,0.0
2021-08-17,0.0
2021-08-18,0.0
2021-08-19,0.0
2021-08-20,0.0
2021-08-21,0.0
2021-08-22,0.0
2021-08-23,0.0
2021-08-24,0.0
2021-08-25,0.0
2021-08-26,0.0
2021-08-27,0.0
2021-08-28,0.0
2021-08-29,0.0
2021-08-30,0.0
2021-08-31,0.0
2021-09-01,0.0
2021-09-02,0.0
2021-09-03,0.0
2021-09-04,0.0
2021-09-05,0.0
2021-09-06,0.0
2021-09-07,0.0
2021-09-08,0.0
2021-09-09,0.0
2021-09-10,0.0
2021-09-11,0.0
2021-09-12,0.0
2021-09-13,0.0
2021-09-14,0.0
2021-09-15,0.0
2021-09-16,0.0
2021-09-17,57.599999999999994
2021-09-18,0.0
2021-09-19,0.0
2021-09-20,213.12
2021-09-21,40.32
2021-09-22,0.0
2021-09-23,57.599999999999994
2021-09-24,149.76
2021-09-25,0.0
2021-09-26,149.76
2021-09-27,264.96
2021-09-28,0.0
2021-09-29,276.48
2021-09-30,201.6
2021-10-01,132.48
2021-10-02,0.0
2021-10-03,812.16
2021-10-04,593.28
2021-10-05,0.0
2021-10-06,754.56
2021-10-07,552.96
2021-10-08,1036.8
2021-10-09,0.0
2021-10-10,1036.8
2021-10-11,2338.56
2021-10-12,0.0
2021-10-13,2678.4
2021-10-14,2183.04
2021-10-15,2568.96
2021-10-16,0.0
2021-10-17,2321.2799999999997
2021-10-18,2321.2799999999997
2021-10-19,0.0
2021-10-20,2309.7599999999998
2021-10-21,1866.24
2021-10-22,3882.24
2021-10-23,0.0
2021-10-24,2638.08
2021-10-25,2563.2
2021-10-26,0.0
2021-10-27,3553.92
2021-10-28,2862.72
2021-10-29,4734.72
2021-10-30,0.0
2021-10-31,5172.48
2021-11-01,5731.2
2021-11-02,0.0
2021-11-03,5961.599999999999
2021-11-04,4573.44
2021-11-05,6854.4
2021-11-06,0.0
2021-11-07,5731.2
2021-11-08,6791.04
2021-11-09,0.0
2021-11-10,8881.92
2021-11-11,5725.44
2021-11-12,7608.96
2021-11-13,0.0
2021-11-14,7908.48
2021-11-15,9135.359999999999
2021-11-16,0.0
2021-11-17,12412.8
2021-11-18,8559.36
2021-11-19,13046.4
2021-11-20,0.0
2021-11-21,13783.68
2021-11-22,0.0
2021-11-23,13852.8
2021-11-24,11059.199999999999
2021-11-25,9838.08
2021-11-26,12620.16
2021-11-27,0.0
2021-11-28,13726.08
2021-11-29,10425.6
2021-11-30,0.0
2021-12-01,15931.92
2021-12-02,9861.119999999999
2021-12-03,11808.0
2021-12-04,0.0
2021-12-05,12188.16
2021-12-06,11329.92
2021-12-07,0.0
2021-12-08,12499.199999999999
2021-12-09,8524.8
2021-12-10,9705.6
2021-12-11,0.0
2021-12-12,9262.08
2021-12-13,9423.359999999999
2021-12-14,0.0
2021-12-15,12072.96
2021-12-16,8703.36
2021-12-17,8645.76
2021-12-18,0.0
2021-12-19,11502.72
2021-12-20,10344.96
2021-12-21,0.0
2021-12-22,14129.279999999999
2021-12-23,10056.96
2021-12-24,13029.119999999999
2021-12-25,0.0
2021-12-26,13432.32
2021-12-27,8737.92
2021-12-28,10408.32
2021-12-29,10425.6
2021-12-30,12044.16
2021-12-31,13668.48
2022-01-01,0.0
2022-01-02,0.0
2022-01-03,0.0
2022-01-04,16231.68
2022-01-05,9728.64
2022-01-06,8997.119999999999
2022-01-07,11905.92
2022-01-08,0.0
2022-01-09,0.0
2022-01-10,12919.68
2022-01-11,7418.88
2022-01-12,8081.28
2022-01-13,6612.48
2022-01-14,8559.36
2022-01-15,0.0
2022-01-16,8576.64
2022-01-17,7781.759999999999
2022-01-18,0.0
2022-01-19,10512.0
2022-01-20,8110.08
2022-01-21,9002.88
2022-01-22,0.0
2022-01-23,8709.119999999999
2022-01-24,8542.08
2022-01-25,0.0
2022-01-26,11808.0
2022-01-27,7568.639999999999
2022-01-28,9901.44
2022-01-29,0.0
2022-01-30,9866.88
2022-01-31,8300.16
2022-02-01,0.0
2022-02-02,10788.48
2022-02-03,8133.12
2022-02-04,10333.44
2022-02-05,0.0
2022-02-06,10586.88
2022-02-07,8812.8
2022-02-08,0.0
2022-02-09,11295.359999999999
2022-02-10,8496.0
2022-02-11,9930.24
2022-02-12,0.0
2022-02-13,10051.199999999999
2022-02-14,7850.88
2022-02-15,0.0
2022-02-16,11387.52
2022-02-17,7269.12
2022-02-18,10189.44
2022-02-19,0.0
2022-02-20,9768.96
2022-02-21,8161.92
2022-02-22,0.0
2022-02-23,11928.96
2022-02-24,8017.92
2022-02-25,10805.76
2022-02-26,0.0
2022-02-27,11278.08
2022-02-28,9839.76
2022-03-01,0.0
2022-03-02,14970.48
2022-03-03,10195.199999999999
2022-03-04,12245.76
2022-03-05,0.0
2022-03-06,12499.199999999999
2022-03-07,10229.76
2022-03-08,0.0
2022-03-09,13824.0
2022-03-10,10287.359999999999
2022-03-11,11370.24
2022-03-12,0.0
2022-03-13,11744.64
2022-03-14,10546.56
2022-03-15,0.0
2022-03-16,15189.119999999999
2022-03-17,10293.119999999999
2022-03-18,14221.439999999999
2022-03-19,0.0
2022-03-20,0.0
2022-03-21,15937.92
2022-03-22,7943.04
2022-03-23,8720.64
2022-03-24,8092.799999999999
2022-03-25,11571.84
2022-03-26,0.0
2022-03-27,12470.4
2022-03-28,13075.199999999999
2022-03-29,0.0
2022-03-30,15626.88
2022-03-31,9665.279999999999
2022-04-01,13017.6
2022-04-02,0.0
2022-04-03,14474.88
2022-04-04,12078.72
2022-04-05,0.0
2022-04-06,13973.76
2022-04-07,9849.6
2022-04-08,13968.0
2022-04-09,0.0
2022-04-10,16583.04
2022-04-11,14906.88
2022-04-12,0.0
2022-04-13,19491.84
2022-04-14,14526.72
2022-04-15,18305.28
2022-04-16,0.0
2022-04-17,18005.76
2022-04-18,14325.119999999999
2022-04-19,0.0
2022-04-20,19463.04
2022-04-21,13697.279999999999
2022-04-22,17107.2
2022-04-23,0.0
2022-04-24,18408.96
2022-04-25,16842.239999999998
2022-04-26,0.0
2022-04-27,21703.68
2022-04-28,13662.72
2022-04-29,17003.52
2022-04-30,0.0
2022-05-01,20488.32
2022-05-02,0.0
2022-05-03,24266.879999999997
2022-05-04,0.0
2022-05-05,23086.079999999998
2022-05-06,17400.96
2022-05-07,0.0
2022-05-08,21957.12
2022-05-09,15344.64
2022-05-10,0.0
2022-05-11,18230.399999999998
2022-05-12,11980.8
2022-05-13,16807.68
2022-05-14,0.0
2022-05-15,21859.2
2022-05-16,17930.88
2022-05-17,0.0
2022-05-18,21836.16
2022-05-19,12666.24
2022-05-20,16479.36
2022-05-21,0.0
2022-05-22,15194.88
2022-05-23,14682.24
2022-05-24,0.0
2022-05-25,18253.44
2022-05-26,12885.119999999999
2022-05-27,17291.52
2022-05-28,0.0
2022-05-29,19566.719999999998
2022-05-30,15609.599999999999
2022-05-31,0.0
2022-06-01,21588.48
2022-06-02,14549.76
2022-06-03,18190.079999999998
2022-06-04,0.0
2022-06-05,21329.28
2022-06-06,17521.92
2022-06-07,0.0
2022-06-08,24255.36
2022-06-09,10788.48
2022-06-10,12977.279999999999
2022-06-11,0.0
2022-06-12,13622.4
2022-06-13,11882.88
2022-06-14,0.0
2022-06-15,13472.64
2022-06-16,8133.12
2022-06-17,12153.6
2022-06-18,0.0
2022-06-19,16174.08
2022-06-20,15304.32
2022-06-21,0.0
2022-06-22,21985.92
2022-06-23,11381.76
2022-06-24,13173.119999999999
2022-06-25,0.0
2022-06-26,15534.72
2022-06-27,12240.0
2022-06-28,0.0
2022-06-29,17619.84
2022-06-30,9406.08
2022-07-01,12280.32
2022-07-02,0.0
2022-07-03,11640.96
2022-07-04,9043.199999999999
2022-07-05,0.0
2022-07-06,12303.359999999999
2022-07-07,6445.44
2022-07-08,7038.719999999999
2022-07-09,0.0
2022-07-10,3375.3599999999997
2022-07-11,1756.8
2022-07-12,0.0
2022-07-13,1405.44
2022-07-14,967.68
2022-07-15,1094.3999999999999
2022-07-16,0.0
2022-07-17,0.0
2022-07-18,1301.76
2022-07-19,0.0
2022-07-20,910.0799999999999
2022-07-21,541.4399999999999
2022-07-22,57.599999999999994
2022-07-23,0.0
2022-07-24,17.28
2022-07-25,34.56
2022-07-26,0.0
2022-07-27,0.0
2022-07-28,0.0
2022-07-29,0.0
2022-07-30,0.0
2022-07-31,0.0
2022-08-01,0.0
2022-08-02,0.0
2022-08-03,0.0
2022-08-04,0.0
2022-08-05,0.0
2022-08-06,0.0
2022-08-07,0.0
2022-08-08,0.0
2022-08-09,0.0
2022-08-10,0.0
2022-08-11,0.0
2022-08-12,0.0
2022-08-13,0.0
2022-08-14,0.0
2022-08-15,0.0
2022-08-16,0.0
2022-08-17,0.0
2022-08-18,0.0
2022-08-19,0.0
2022-08-20,0.0
2022-08-21,0.0
2022-08-22,0.0
2022-08-23,0.0
2022-08-24,0.0
2022-08-25,0.0
2022-08-26,0.0
2022-08-27,0.0
2022-08-28,0.0
2022-08-29,0.0
2022-08-30,0.0
2022-08-31,0.0
2022-09-01,0.0
2022-09-02,0.0
2022-09-03,0.0
2022-09-04,0.0
2022-09-05,0.0
2022-09-06,0.0
2022-09-07,0.0
2022-09-08,0.0
2022-09-09,0.0
2022-09-10,0.0
2022-09-11,0.0
2022-09-12,0.0
2022-09-13,0.0
2022-09-14,46.08
2022-09-15,0.0
2022-09-16,132.48
2022-09-17,0.0
2022-09-18,0.0
2022-09-19,241.92
2022-09-20,0.0
2022-09-21,311.03999999999996
2022-09-22,311.03999999999996
2022-09-23,380.15999999999997
2022-09-24,0.0
2022-09-25,224.64
2022-09-26,374.4
2022-09-27,0.0
2022-09-28,817.92
2022-09-29,622.0799999999999
2022-09-30,1134.72
2022-10-01,0.0
2022-10-02,570.24
2022-10-03,1549.44
2022-10-04,0.0
2022-10-05,2298.24
2022-10-06,2136.96
2022-10-07,1814.3999999999999
2022-10-08,0.0
2022-10-09,0.0
2022-10-10,1929.6
2022-10-11,1416.96
2022-10-12,1693.4399999999998
2022-10-13,1359.36
2022-10-14,1658.8799999999999
2022-10-15,0.0
2022-10-16,2396.16
2022-10-17,3219.8399999999997
2022-10-18,0.0
2022-10-19,5028.48
2022-10-20,2972.16
2022-10-21,4821.12
2022-10-22,0.0
2022-10-23,5011.2
2022-10-24,6635.5199999999995
2022-10-25,0.0
2022-10-26,8138.88
2022-10-27,4861.44
2022-10-28,6549.12
2022-10-29,0.0
2022-10-30,6145.92
2022-10-31,4423.68
2022-11-01,4861.44
2022-11-02,0.0
2022-11-03,6877.44
2022-11-04,8231.039999999999
2022-11-05,0.0
2022-11-06,8524.8
2022-11-07,7447.679999999999
2022-11-08,0.0
2022-11-09,8046.719999999999
2022-11-10,6612.48
2022-11-11,7856.639999999999
2022-11-12,0.0
2022-11-13,7977.599999999999
2022-11-14,7862.4
2022-11-15,0.0
2022-11-16,10638.72
2022-11-17,6641.28
2022-11-18,8968.32
2022-11-19,0.0
2022-11-20,9020.16
2022-11-21,8611.199999999999
2022-11-22,0.0
2022-11-23,9907.199999999999
2022-11-24,7436.16
2022-11-25,9469.44
2022-11-26,0.0
2022-11-27,9901.44
2022-11-28,9089.279999999999
2022-11-29,0.0
2022-11-30,12015.359999999999
2022-12-01,8818.56
2022-12-02,11093.76
2022-12-03,0.0
2022-12-04,10604.16
2022-12-05,9918.72
2022-12-06,0.0
2022-12-07,15379.199999999999
2022-12-08,9982.08
2022-12-09,12222.72
2022-12-10,0.0
2022-12-11,11439.359999999999
2022-12-12,10431.359999999999
2022-12-13,0.0
2022-12-14,13783.68
2022-12-15,9239.039999999999
2022-12-16,11358.72
2022-12-17,0.0
2022-12-18,13351.68
2022-12-19,10379.52
2022-12-20,0.0
2022-12-21,13397.76
2022-12-22,10339.199999999999
2022-12-23,12925.439999999999
2022-12-24,0.0
2022-12-25,12562.56
2022-12-26,9383.039999999999
2022-12-27,7390.08
2022-12-28,10264.32
2022-12-29,10909.439999999999
2022-12-30,19595.52
2022-12-31,0.0
2023-01-01,0.0
2023-01-02,0.0
2023-01-03,0.0
2023-01-04,18345.6
2023-01-05,12706.56
2023-01-06,14359.68
2023-01-07,0.0
2023-01-08,0.0
2023-01-09,18449.28
2023-01-10,9365.76
2023-01-11,9636.48
2023-01-12,8513.279999999999
2023-01-13,10235.52
2023-01-14,0.0
2023-01-15,11341.439999999999
2023-01-16,11105.279999999999
2023-01-17,0.0
2023-01-18,12044.16
2023-01-19,7827.84
2023-01-20,8881.92
2023-01-21,0.0
2023-01-22,9233.279999999999
2023-01-23,8922.24
2023-01-24,0.0
2023-01-25,11612.16
2023-01-26,8962.56
2023-01-27,10944.0
2023-01-28,0.0
2023-01-29,11934.72
2023-01-30,10005.119999999999
2023-01-31,0.0
2023-02-01,13628.16
2023-02-02,10632.96
2023-02-03,12631.68
2023-02-04,0.0
2023-02-05,12752.64
2023-02-06,10454.4
2023-02-07,0.0
2023-02-08,13703.039999999999
2023-02-09,9561.6
2023-02-10,10707.84
2023-02-11,0.0
2023-02-12,9959.039999999999
2023-02-13,8467.199999999999
2023-02-14,0.0
2023-02-15,11047.68
2023-02-16,7534.08
2023-02-17,7453.44
2023-02-18,0.0
2023-02-19,8150.4
2023-02-20,6768.0
2023-02-21,8357.76
2023-02-22,0.0
2023-02-23,9717.119999999999
2023-02-24,9002.88
2023-02-25,0.0
2023-02-26,9336.96
2023-02-27,8017.92
2023-02-28,0.0
2023-03-01,11704.32
2023-03-02,7994.88
2023-03-03,10644.48
2023-03-04,0.0
2023-03-05,10068.48
2023-03-06,9025.92
2023-03-07,0.0
2023-03-08,12424.32
2023-03-09,8542.08
2023-03-10,10736.64
2023-03-11,0.0
2023-03-12,11882.88
2023-03-13,10471.68
2023-03-14,0.0
2023-03-15,12579.84
2023-03-16,8375.039999999999
2023-03-17,10448.64
2023-03-18,0.0
2023-03-19,13432.32
2023-03-20,0.0
2023-03-21,13656.96
2023-03-22,9008.64
2023-03-23,8778.24
2023-03-24,12268.8
2023-03-25,0.0
2023-03-26,13628.16
2023-03-27,10788.48
2023-03-28,0.0
2023-03-29,13772.16
2023-03-30,9227.52
2023-03-31,11600.64
2023-04-01,0.0
2023-04-02,13236.48
2023-04-03,10517.76
2023-04-04,0.0
2023-04-05,17078.399999999998
2023-04-06,10995.84
2023-04-07,15995.519999999999
2023-04-08,0.0
2023-04-09,16686.72
2023-04-10,12833.279999999999
2023-04-11,0.0
2023-04-12,18011.52
2023-04-13,12234.24
2023-04-14,15419.519999999999
2023-04-15,0.0
2023-04-16,14198.4
2023-04-17,10794.24
2023-04-18,0.0
2023-04-19,18046.079999999998
2023-04-20,11790.72
2023-04-21,15073.92
2023-04-22,0.0
2023-04-23,20044.8
2023-04-24,12211.199999999999
2023-04-25,0.0
2023-04-26,17550.72
2023-04-27,10327.68
2023-04-28,13582.08
2023-04-29,0.0
2023-04-30,18351.36
2023-05-01,15891.84
2023-05-02,0.0
2023-05-03,28857.6
2023-05-04,0.0
2023-05-05,23425.92
2023-05-06,0.0
2023-05-07,18673.92
2023-05-08,17043.84
2023-05-09,0.0
2023-05-10,24307.2
2023-05-11,13357.439999999999
2023-05-12,15874.56
2023-05-13,0.0
2023-05-14,21507.84
2023-05-15,13311.359999999999
2023-05-16,0.0
2023-05-17,18846.719999999998
2023-05-18,12078.72
2023-05-19,17786.88
2023-05-20,0.0
2023-05-21,22769.28
2023-05-22,14860.8
2023-05-23,5.76
2023-05-24,20459.52
2023-05-25,12430.08
2023-05-26,18875.52
2023-05-27,0.0
2023-05-28,24865.92
2023-05-29,19578.239999999998
2023-05-30,0.0
2023-05-31,28327.68
2023-06-01,14336.64
2023-06-02,13708.8
2023-06-03,0.0
2023-06-04,18184.32
2023-06-05,14866.56
2023-06-06,0.0
2023-06-07,21219.84
2023-06-08,12453.119999999999
2023-06-09,14325.119999999999
2023-06-10,0.0
2023-06-11,16698.239999999998
2023-06-12,13478.4
2023-06-13,0.0
2023-06-14,22176.0
2023-06-15,13656.96
2023-06-16,16577.28
2023-06-17,0.0
2023-06-18,16663.68
2023-06-19,13006.08
2023-06-20,0.0
2023-06-21,16110.72
2023-06-22,10759.68
2023-06-23,13697.279999999999
2023-06-24,0.0
2023-06-25,16652.16
2023-06-26,13536.0
2023-06-27,0.0
2023-06-28,18057.6
2023-06-29,9411.84
2023-06-30,9135.359999999999
2023-07-01,0.0
2023-07-02,6733.44
2023-07-03,5771.5199999999995
2023-07-04,0.0
2023-07-05,7764.48
2023-07-06,5783.04
2023-07-07,6508.8
2023-07-08,0.0
2023-07-09,3473.2799999999997
2023-07-10,2177.2799999999997
2023-07-11,0.0
2023-07-12,910.0799999999999
2023-07-13,518.4
2023-07-14,714.24
2023-07-15,0.0
2023-07-16,0.0
2023-07-17,1221.12
2023-07-18,0.0
2023-07-19,921.5999999999999
2023-07-20,374.4
2023-07-21,391.68
2023-07-22,0.0
2023-07-23,0.0
2023-07-24,0.0
2023-07-25,0.0
2023-07-26,0.0
2023-07-27,0.0
2023-07-28,0.0
2023-07-29,0.0
2023-07-30,0.0
2023-07-31,0.0
2023-08-01,0.0
2023-08-02,0.0
2023-08-03,0.0
2023-08-04,0.0
2023-08-05,0.0
2023-08-06,0.0
2023-08-07,0.0
2023-08-08,0.0
2023-08-09,0.0
2023-08-10,0.0
2023-08-11,0.0
2023-08-12,0.0
2023-08-13,0.0
2023-08-14,0.0
2023-08-15,0.0
2023-08-16,0.0
2023-08-17,0.0
2023-08-18,0.0
2023-08-19,0.0
2023-08-20,0.0
2023-08-21,0.0
2023-08-22,0.0
2023-08-23,0.0
2023-08-24,0.0
2023-08-25,0.0
2023-08-26,0.0
2023-08-27,0.0
2023-08-28,0.0
2023-08-29,0.0
2023-08-30,0.0
2023-08-31,0.0
2023-09-01,0.0
2023-09-02,0.0
2023-09-03,0.0
2023-09-04,0.0
2023-09-05,0.0
2023-09-06,0.0
2023-09-07,0.0
2023-09-08,0.0
2023-09-09,0.0
2023-09-10,0.0
2023-09-11,0.0
2023-09-12,0.0
2023-09-13,0.0
2023-09-14,23.04
2023-09-15,92.16
2023-09-16,0.0
2023-09-17,0.0
2023-09-18,144.0
2023-09-19,92.16
2023-09-20,316.8
2023-09-21,616.3199999999999
2023-09-22,0.0
2023-09-23,0.0
2023-09-24,743.04
2023-09-25,518.4
2023-09-26,0.0
2023-09-27,1031.04
2023-09-28,898.56
2023-09-29,1226.8799999999999
2023-09-30,0.0
2023-10-01,1319.04
2023-10-02,1566.72
2023-10-03,0.0
2023-10-04,1733.76
2023-10-05,1607.04
2023-10-06,1549.44
2023-10-07,0.0
2023-10-08,0.0
2023-10-09,3012.48
2023-10-10,1215.36
2023-10-11,1584.0
2023-10-12,1497.6
2023-10-13,2442.24
2023-10-14,0.0
2023-10-15,3191.04
2023-10-16,3231.3599999999997
2023-10-17,0.0
2023-10-18,5927.04
2023-10-19,3398.4
2023-10-20,5518.08
2023-10-21,0.0
2023-10-22,6975.36
2023-10-23,6940.8
2023-10-24,0.0
2023-10-25,7793.28
2023-10-26,5097.599999999999
2023-10-27,7937.28
2023-10-28,0.0
2023-10-29,7741.44
2023-10-30,6624.0
2023-10-31,0.0
2023-11-01,8104.32
2023-11-02,4118.4
2023-11-03,6422.4
2023-11-04,0.0
2023-11-05,9406.08
2023-11-06,10661.76
2023-11-07,0.0
2023-11-08,21617.28
2023-11-09,12706.56
2023-11-10,15004.8
2023-11-11,0.0
2023-11-12,13685.76
2023-11-13,8092.799999999999
2023-11-14,0.0
2023-11-15,9630.72
2023-11-16,5022.72
2023-11-17,5696.639999999999
2023-11-18,0.0
2023-11-19,6808.32
2023-11-20,4947.84
2023-11-21,6076.8
2023-11-22,0.0
2023-11-23,11329.92
2023-11-24,9688.32
2023-11-25,0.0
2023-11-26,13541.76
2023-11-27,9538.56
2023-11-28,0.0
2023-11-29,16490.88
2023-11-30,11214.72
2023-12-01,11393.279999999999
2023-12-02,0.0
2023-12-03,12072.96
2023-12-04,9325.44
2023-12-05,0.0
2023-12-06,15068.16
2023-12-07,8893.44
2023-12-08,9786.24
2023-12-09,0.0
2023-12-10,11698.56
2023-12-11,9406.08
2023-12-12,0.0
2023-12-13,14071.68
2023-12-14,10408.32
2023-12-15,11030.4
2023-12-16,0.0
2023-12-17,15753.599999999999
2023-12-18,10425.6
2023-12-19,0.0
2023-12-20,16110.72
2023-12-21,9740.16
2023-12-22,12049.92
2023-12-23,0.0
2023-12-24,14889.599999999999
2023-12-25,9302.4
2023-12-26,8346.24
2023-12-27,9434.88
2023-12-28,11105.279999999999
2023-12-29,14123.519999999999
2023-12-30,0.0
2023-12-31,26547.84
2024-01-01,0.0
2024-01-02,0.0
2024-01-03,0.0
2024-01-04,20177.28
2024-01-05,17706.239999999998
2024-01-06,0.0
2024-01-07,18063.36
2024-01-08,11698.56
2024-01-09,0.0
2024-01-10,16364.16
2024-01-11,10177.92
2024-01-12,11468.16
2024-01-13,0.0
2024-01-14,12401.279999999999
2024-01-15,9590.4
2024-01-16,0.0
2024-01-17,14302.08
2024-01-18,8985.6
2024-01-19,10811.52
2024-01-20,0.0
2024-01-21,13898.88
2024-01-22,11278.08
2024-01-23,0.0
2024-01-24,13276.8
2024-01-25,9550.08
2024-01-26,10811.52
2024-01-27,0.0
2024-01-28,13000.32
2024-01-29,10834.56
2024-01-30,0.0
2024-01-31,14256.0
2024-02-01,10350.72
2024-02-02,11157.119999999999
2024-02-03,0.0
2024-02-04,12931.199999999999
2024-02-05,8962.56
2024-02-06,0.0
2024-02-07,12263.039999999999
2024-02-08,7608.96
2024-02-09,8801.279999999999
2024-02-10,0.0
2024-02-11,9175.68
2024-02-12,7516.799999999999
2024-02-13,0.0
2024-02-14,9803.52
2024-02-15,7562.88
2024-02-16,9371.52
2024-02-17,0.0
2024-02-18,10166.4
2024-02-19,8092.799999999999
2024-02-20,0.0
2024-02-21,11059.199999999999
2024-02-22,7810.5599999999995
2024-02-23,7672.32
2024-02-24,0.0
2024-02-25,7378.5599999999995
2024-02-26,6341.76
2024-02-27,0.0
2024-02-28,9250.56
2024-02-29,6560.639999999999
2024-03-01,7839.36
2024-03-02,0.0
2024-03-03,9509.76
2024-03-04,8294.4
2024-03-05,0.0
2024-03-06,12954.24
2024-03-07,9768.96
2024-03-08,10131.84
2024-03-09,0.0
2024-03-10,11168.64
2024-03-11,10442.88
2024-03-12,0.0
2024-03-13,14762.88
2024-03-14,8599.68
2024-03-15,9002.88
2024-03-16,0.0
2024-03-17,10103.039999999999
2024-03-18,8928.0
2024-03-19,0.0
2024-03-20,13052.16
2024-03-21,8231.039999999999
2024-03-22,9475.199999999999
2024-03-23,0.0
2024-03-24,11980.8
2024-03-25,9515.52
2024-03-26,0.0
2024-03-27,12435.84
2024-03-28,7528.32
2024-03-29,9129.6
2024-03-30,0.0
2024-03-31,10477.44
2024-04-01,8115.84
2024-04-02,8916.48
2024-04-03,10051.199999999999
2024-04-04,8864.64
2024-04-05,7269.12
2024-04-06,7718.4
2024-04-07,7303.679999999999
2024-04-08,7194.24
2024-04-09,10794.24
2024-04-10,11491.199999999999
2024-04-11,11928.96
2024-04-12,11796.48
2024-04-13,11076.48
2024-04-14,9659.52
2024-04-15,8663.039999999999
2024-04-16,10851.84
2024-04-17,12061.439999999999
2024-04-18,11606.4
2024-04-19,11658.24
2024-04-20,10540.8
2024-04-21,10650.24
2024-04-22,9360.0
2024-04-23,11623.68
2024-04-24,11952.0
2024-04-25,11053.439999999999
2024-04-26,10869.119999999999
2024-04-27,11059.199999999999
2024-04-28,11208.96
2024-04-29,9941.76
2024-04-30,12032.64
2024-05-01,12965.76
2024-05-02,11606.4
2024-05-03,10414.08
2024-05-04,9210.24
2024-05-05,9285.119999999999
2024-05-06,9699.84
2024-05-07,12637.439999999999
2024-05-08,13766.4
2024-05-09,12499.199999999999
2024-05-10,11998.08
2024-05-11,10333.44
2024-05-12,9912.96
2024-05-13,10823.039999999999
2024-05-14,15310.08
2024-05-15,13680.0
2024-05-16,12775.68
2024-05-17,11865.6
2024-05-18,12769.92
2024-05-19,12683.52
2024-05-20,10131.84
2024-05-21,12072.96
2024-05-22,10702.08
2024-05-23,10483.199999999999
2024-05-24,10967.039999999999
2024-05-25,12418.56
2024-05-26,12435.84
2024-05-27,11514.24
2024-05-28,14843.519999999999
2024-05-29,15488.64
2024-05-30,14434.56
2024-05-31,13691.519999999999
2024-06-01,13104.0
2024-06-02,12804.48
2024-06-03,11710.08
2024-06-04,12971.519999999999
2024-06-05,13599.359999999999
2024-06-06,12913.92
2024-06-07,13536.0
2024-06-08,12602.88
2024-06-09,11525.76
2024-06-10,10638.72
2024-06-11,11779.199999999999
2024-06-12,11335.68
2024-06-13,11237.76
2024-06-14,10218.24
2024-06-15,9740.16
2024-06-16,10177.92
2024-06-17,12067.199999999999
2024-06-18,0.0
2024-06-19,18478.079999999998
2024-06-20,10719.359999999999
2024-06-21,12913.92
2024-06-22,0.0
2024-06-23,16836.48
2024-06-24,12913.92
2024-06-25,0.0
2024-06-26,18080.64
2024-06-27,9313.92
2024-06-28,9123.84
2024-06-29,0.0
2024-06-30,13196.16
2024-07-01,8991.359999999999
2024-07-02,0.0
2024-07-03,13489.92
2024-07-04,7896.96
2024-07-05,6497.28
2024-07-06,0.0
2024-07-07,3248.64
2024-07-08,1215.36
2024-07-09,0.0
2024-07-10,1048.32
2024-07-11,541.4399999999999
2024-07-12,437.76
2024-07-13,0.0
2024-07-14,0.0
2024-07-15,973.4399999999999
2024-07-16,0.0
2024-07-17,455.03999999999996
2024-07-18,86.39999999999999
2024-07-19,0.0
2024-07-20,0.0
2024-07-21,0.0
2024-07-22,0.0
2024-07-23,0.0
2024-07-24,0.0
2024-07-25,0.0
2024-07-26,0.0
2024-07-27,0.0
2024-07-28,0.0
2024-07-29,0.0
2024-07-30,0.0
2024-07-31,0.0
2024-08-01,0.0
2024-08-02,0.0
2024-08-03,0.0
2024-08-04,0.0
2024-08-05,0.0
2024-08-06,0.0
2024-08-07,0.0
2024-08-08,0.0
2024-08-09,0.0
2024-08-10,0.0
2024-08-11,0.0
2024-08-12,0.0
2024-08-13,0.0
2024-08-14,0.0
2024-08-15,0.0
2024-08-16,0.0
2024-08-17,0.0
2024-08-18,0.0
2024-08-19,0.0
2024-08-20,0.0
2024-08-21,0.0
2024-08-22,0.0
2024-08-23,0.0
2024-08-24,0.0
2024-08-25,0.0
2024-08-26,0.0
2024-08-27,0.0
2024-08-28,0.0
2024-08-29,0.0
2024-08-30,0.0
2024-08-31,0.0
2024-09-01,0.0
2024-09-02,0.0
2024-09-03,0.0
2024-09-04,0.0
2024-09-05,0.0
2024-09-06,0.0
2024-09-07,0.0
2024-09-08,0.0
2024-09-09,0.0
2024-09-10,0.0
2024-09-11,28.8
2024-09-12,34.56
2024-09-13,138.24
2024-09-14,0.0
2024-09-15,0.0
2024-09-16,132.48
2024-09-17,0.0
2024-09-18,167.04
2024-09-19,149.76
2024-09-20,420.48
2024-09-21,0.0
2024-09-22,0.0
2024-09-23,1002.24
2024-09-24,0.0
2024-09-25,1226.88
2024-09-26,610.56
2024-09-27,2096.64
2024-09-28,0.0
2024-09-29,2949.12
2024-09-30,1693.44
2024-10-01,0.0
2024-10-02,2960.64
2024-10-03,2632.32
2024-10-04,3841.92
2024-10-05,0.0
2024-10-06,4181.76
2024-10-07,2914.56
2024-10-08,0.0
2024-10-09,5299.2
2024-10-10,2949.12
2024-10-11,3922.56
2024-10-12,0.0
2024-10-13,0.0
2024-10-14,6439.68
2024-10-15,4429.44
2024-10-16,4400.64
2024-10-17,4233.6
2024-10-18,6111.36
2024-10-19,0.0
2024-10-20,8784.0
2024-10-21,7793.28
2024-10-22,0.0
2024-10-23,9112.32
2024-10-24,7061.76
2024-10-25,8110.08
2024-10-26,0.0
2024-10-27,9511.68
2024-10-28,7145.28
2024-10-29,0.0
2024-10-30,13397.28
2024-10-31,8879.04
2024-11-01,11041.92
2024-11-02,0.0
2024-11-03,0.0
2024-11-04,24016.56
2024-11-05,10403.76
2024-11-06,11885.88
2024-11-07,8872.56
2024-11-08,11907.96
2024-11-09,0.0
2024-11-10,9743.52
2024-11-11,9022.2
2024-11-12,0.0
2024-11-13,10735.32
2024-11-14,7274.04
2024-11-15,7284.96
2024-11-16,0.0
2024-11-17,7338.44
2024-11-18,6110.72
2024-11-19,0.0
2024-11-20,7946.6
2024-11-21,6241.76
2024-11-22,0.0
2024-11-23,0.0
2024-11-24,9985.32
2024-11-25,7361.28
2024-11-26,0.0
2024-11-27,8977.16
2024-11-28,6349.28
2024-11-29,9954.44
2024-11-30,0.0
2024-12-01,10411.88
2024-12-02,9851.36
2024-12-03,0.0
2024-12-04,16205.0
2024-12-05,11775.2
2024-12-06,13701.32
2024-12-07,0.0
2024-12-08,15896.12
2024-12-09,12166.64
2024-12-10,0.0
2024-12-11,16941.08
2024-12-12,10844.72
2024-12-13,12047.48
2024-12-14,0.0
2024-12-15,13405.88
2024-12-16,10261.04
2024-12-17,0.0
2024-12-18,16203.32
2024-12-19,11081.36
2024-12-20,13435.16
2024-12-21,0.0
2024-12-22,12761.24
2024-12-23,10545.2
2024-12-24,0.0
2024-12-25,14243.0
2024-12-26,10003.76
2024-12-27,9056.6
2024-12-28,7591.28
2024-12-29,10099.16
2024-12-30,11834.88
2024-12-31,16119.84
2025-01-01,0.0
2025-01-02,0.0
2025-01-03,0.0
2025-01-04,20949.12
2025-01-05,14519.48
2025-01-06,12542.96
2025-01-07,0.0
2025-01-08,17785.4
2025-01-09,11972.72
2025-01-10,15418.04
2025-01-11,0.0
2025-01-12,0.0
2025-01-13,25353.2
2025-01-14,0.0
2025-01-15,16368.44
2025-01-16,12007.28
2025-01-17,12825.08
2025-01-18,0.0
2025-01-19,12353.72
2025-01-20,8888.56
2025-01-21,0.0
2025-01-22,12323.0
2025-01-23,9282.8
2025-01-24,11147.96
2025-01-25,0.0
2025-01-26,10934.84
2025-01-27,9628.4
2025-01-28,0.0
2025-01-29,12109.88
2025-01-30,8222.96
2025-01-31,10134.2
2025-02-01,0.0
2025-02-02,10545.56
2025-02-03,9924.56
2025-02-04,0.0
2025-02-05,11916.44
2025-02-06,8519.12
2025-02-07,10574.36
2025-02-08,0.0
2025-02-09,13333.4
2025-02-10,0.0
2025-02-11,11738.96
2025-02-12,9895.28
2025-02-13,9258.32
2025-02-14,11182.36
2025-02-15,0.0
2025-02-16,11582.36
2025-02-17,10304.72
2025-02-18,0.0
2025-02-19,14992.28
2025-02-20,9947.6
2025-02-21,11997.08
2025-02-22,0.0
2025-02-23,12910.52
2025-02-24,10621.52
2025-02-25,0.0
2025-02-26,13281.56
2025-02-27,10551.12
2025-02-28,12535.96
2025-03-01,0.0
2025-03-02,13218.2
2025-03-03,11502.8
2025-03-04,0.0
2025-03-05,16856.6
2025-03-06,9519.44
2025-03-07,10295.32
2025-03-08,0.0
2025-03-09,11242.52
2025-03-10,9573.2
2025-03-11,0.0
2025-03-12,14623.64
2025-03-13,11070.8
2025-03-14,12901.4
2025-03-15,0.0
2025-03-16,14329.88
2025-03-17,12286.16
2025-03-18,0.0
2025-03-19,16147.64
2025-03-20,13184.72
2025-03-21,14099.48
2025-03-22,0.0
2025-03-23,17140.76
2025-03-24,13564.88
2025-03-25,0.0
2025-03-26,21501.08
2025-03-27,14555.6
2025-03-28,15211.16
2025-03-29,13507.2
2025-03-30,15562.52
2025-03-31,11773.52
2025-04-01,12363.2
2025-04-02,13372.76
2025-04-03,11406.08
2025-04-04,11961.8
2025-04-05,9262.08
2025-04-06,10637.0
2025-04-07,9332.48
2025-04-08,9469.44
2025-04-09,12151.88
2025-04-10,11970.56
2025-04-11,10965.32
2025-04-12,10177.92
2025-04-13,11679.56
2025-04-14,10317.44
2025-04-15,11952.0
2025-04-16,14317.64
2025-04-17,12702.08
2025-04-18,12261.32
2025-04-19,12268.8
2025-04-20,12485.96
2025-04-21,11676.8
2025-04-22,13489.92
2025-04-23,14692.04
2025-04-24,15006.08
2025-04-25,15440.84
2025-04-26,12096.0
2025-04-27,12987.08
2025-04-28,10734.56
2025-04-29,15123.6
2025-04-30,14778.44
2025-05-01,14775.68
2025-05-02,13010.12
2025-05-03,12236.84
2025-05-04,13111.16
2025-05-05,11420.0
2025-05-06,13084.56
2025-05-07,15463.24
2025-05-08,14804.48
2025-05-09,15154.28
2025-05-10,13858.56
2025-05-11,15590.6
2025-05-12,13203.2
2025-05-13,15966.72
2025-05-14,16160.84
2025-05-15,14234.04
2025-05-16,13949.0
2025-05-17,10886.4
2025-05-18,11236.04
2025-05-19,9516.8
2025-05-20,10275.84
2025-05-21,11529.8
2025-05-22,12748.16
2025-05-23,14006.6
2025-05-24,11865.6
2025-05-25,13672.52
2025-05-26,10634.24
2025-05-27,15281.28
2025-05-28,16138.04
2025-05-29,15910.4
2025-05-30,17324.36
2025-05-31,14423.04
2025-06-01,13569.92
2025-06-02,10991.36
2025-06-03,12971.52
2025-06-04,13941.56
2025-06-05,12131.84
2025-06-06,11277.44
2025-06-07,8012.16
2025-06-08,10111.84
2025-06-09,8575.84
2025-06-10,8161.92
2025-06-11,10929.76
2025-06-12,12302.56
2025-06-13,11978.08
2025-06-14,13420.8
2025-06-15,14641.08
2025-06-16,15644.16
2025-06-17,0.0
2025-06-18,20579.64
2025-06-19,11727.36
2025-06-20,12915.84
2025-06-21,0.0
2025-06-22,15854.52
2025-06-23,13835.52
2025-06-24,0.0
2025-06-25,22190.52
2025-06-26,11764.92
2025-06-27,12804.48
2025-06-28,0.0
2025-06-29,11399.04
2025-06-30,7217.28
2025-07-01,0.0
2025-07-02,0.0
2025-07-03,0.0
2025-07-04,0.0
2025-07-05,0.0
2025-07-06,0.0
2025-07-07,0.0
2025-07-08,0.0
2025-07-09,0.0
2025-07-10,0.0
2025-07-11,0.0
2025-07-12,0.0
2025-07-13,0.0
2025-07-14,0.0
2025-07-15,0.0
2025-07-16,0.0
2025-07-17,0.0
2025-07-18,0.0
2025-07-19,0.0
2025-07-20,0.0
2025-07-21,0.0
2025-07-22,0.0
2025-07-23,0.0
2025-07-24,0.0
2025-07-25,0.0
2025-07-26,0.0
2025-07-27,0.0
2025-07-28,0.0
2025-07-29,0.0
2025-07-30,0.0
2025-07-31,0.0
2025-08-01,0.0
2025-08-02,0.0
2025-08-03,0.0
2025-08-04,0.0
2025-08-05,0.0
2025-08-06,0.0
2025-08-07,0.0
2025-08-08,0.0
2025-08-09,0.0
2025-08-10,0.0
2025-08-11,0.0
2025-08-12,0.0
2025-08-13,0.0
2025-08-14,0.0
2025-08-15,0.0
2025-08-16,0.0
2025-08-17,0.0
2025-08-18,0.0
2025-08-19,0.0
2025-08-20,0.0
2025-08-21,0.0
2025-08-22,0.0
2025-08-23,0.0
2025-08-24,0.0
2025-08-25,0.0
2025-08-26,0.0
2025-08-27,0.0
2025-08-28,0.0
2025-08-29,0.0
2025-08-30,0.0
2025-08-31,0.0
2025-09-01,0.0
2025-09-02,0.0
2025-09-03,0.0
2025-09-04,0.0
2025-09-05,0.0
2025-09-06,0.0
2025-09-07,0.0
2025-09-08,0.0
2025-09-09,0.0
2025-09-10,0.0
2025-09-11,0.0
2025-09-12,17.28
2025-09-13,0.0
2025-09-14,0.0
2025-09-15,103.68
2025-09-16,0.0
2025-09-17,115.2
2025-09-18,126.72
2025-09-19,334.08
2025-09-20,0.0
2025-09-21,794.88
2025-09-22,0.0
2025-09-23,0.0
2025-09-24,1728.0
2025-09-25,905.28
2025-09-26,2252.16
2025-09-27,0.0
2025-09-28,2284.8
2025-09-29,2495.52
2025-09-30,0.0
2025-10-01,3303.84
2025-10-02,2191.68
2025-10-03,2220.0
2025-10-04,0.0
2025-10-05,2852.64
2025-10-06,2492.64
2025-10-07,0.0
2025-10-08,3648.96
2025-10-09,3681.12
2025-10-10,6584.64
2025-10-11,0.0
2025-10-12,0.0
2025-10-13,12015.84
2025-10-14,0.0
2025-10-15,11208.96
2025-10-16,4837.44
2025-10-17,7548.0
2025-10-18,0.0
2025-10-19,7658.4
2025-10-20,7361.76
2025-10-21,0.0
2025-10-22,8660.16
2025-10-23,5720.16
2025-10-24,5074.56
2025-10-25,0.0
2025-10-26,6109.28
2025-10-27,5926.0
2025-10-28,0.0
2025-10-29,8701.76
2025-10-30,6199.4
2025-10-31,9878.68
2025-11-01,0.0
2025-11-02,0.0
2025-11-03,17310.44
2025-11-04,0.0
2025-11-05,0.0
2025-11-06,7090.04
2025-11-07,8055.08
2025-11-08,0.0
2025-11-09,7894.44
2025-11-10,5610.12
2025-11-11,0.0
2025-11-12,6292.56
2025-11-13,3646.8
2025-11-14,4970.64
2025-11-15,0.0
2025-11-16,5206.8
2025-11-17,5292.24
2025-11-18,0.0
2025-11-19,7819.92
2025-11-20,5702.64
2025-11-21,8250.48
2025-11-22,0.0
2025-11-23,0.0
2025-11-24,11595.92
2025-11-25,6247.28
2025-11-26,6927.8
2025-11-27,5836.16
2025-11-28,9036.92
2025-11-29,0.0
2025-11-30,9244.04
2025-12-01,7281.2
