run_date,pred_series
2022-01-01,"{0.00,3509.14,12641.18,9642.55,9417.47,10600.22,1330.48,4193.99,10469.82,6257.24,7737.26,7000.01,8819.54,1282.39}"
2022-01-02,"{0.00,13932.86,9494.92,8114.94,10490.32,1413.27,3300.44,10651.58,6749.05,9064.01,6326.07,8424.90,572.79,7958.48}"
2022-01-03,"{15790.08,9751.76,8641.80,10181.51,1405.06,3437.82,10217.57,6525.96,8402.74,6906.14,8484.02,990.03,8203.14,7442.19}"
2022-01-04,"{9727.20,9289.94,10463.77,1700.76,3536.83,10686.87,7905.58,7543.76,7849.56,8223.57,1093.00,7959.21,8214.85,3276.58}"
2022-01-05,"{9366.57,10769.78,2498.46,3542.57,10723.45,8061.68,8320.03,7308.71,8872.22,2479.49,8045.99,8373.73,3033.48,10391.90}"
2022-01-06,"{10915.35,810.24,2293.44,10474.94,7775.90,7817.20,7674.39,8549.32,1104.42,8039.10,7886.71,3004.72,9467.02,8635.80}"
2022-01-07,"{0.00,3655.93,10753.92,7949.66,7955.38,7542.30,7652.74,1091.67,7936.30,8078.07,3288.29,10248.00,7884.48,9217.56}"
2022-01-08,"{0.00,10732.30,7794.66,8383.03,7229.40,7789.54,1127.52,8184.96,7625.70,1054.25,9752.16,8184.69,9225.22,1670.82}"
2022-01-09,"{12971.58,7643.02,8264.41,7164.94,7551.59,844.72,7328.93,8326.29,924.67,9980.83,8102.32,8978.88,344.83,6963.67}"
2022-01-10,"{8025.47,8278.29,7335.55,7797.18,1110.99,7896.00,7546.98,1423.26,10305.04,7870.54,8760.23,317.59,8560.80,8224.53}"
2022-01-11,"{8235.05,7332.83,8049.12,1078.79,8099.14,7479.90,2283.86,9689.32,7997.64,7937.63,544.09,8950.81,7905.87,2821.02}"
2022-01-12,"{7212.40,8703.42,2547.51,8056.95,8515.66,1732.65,9547.03,8308.57,9259.39,2315.67,8224.82,7843.70,2054.28,10387.95}"
2022-01-13,"{8539.66,722.28,8023.41,8533.71,1819.32,9526.75,7728.13,8564.37,393.25,8333.59,8248.63,1608.83,10878.28,7468.38}"
2022-01-14,"{0.00,8218.02,7505.30,1958.55,9704.33,7551.88,8761.19,831.30,8218.81,7758.26,1999.56,10508.03,7192.78,9844.20}"
2022-01-15,"{8689.11,7780.78,881.32,9672.98,7754.34,8926.75,925.27,8653.52,7985.88,938.50,10517.88,7245.83,9719.98,844.90}"
2022-01-16,"{8032.40,463.68,10288.70,8071.03,8928.50,677.36,8189.72,8339.64,580.17,10804.70,7017.98,9717.68,0.00,8777.41}"
2022-01-17,"{0.00,10552.59,7671.05,8498.84,948.92,7459.72,7424.10,852.40,10639.16,7672.05,9278.00,150.49,8992.63,8377.22}"
2022-01-18,"{10609.79,8006.38,8696.43,1118.07,8029.61,7645.89,1842.99,10192.38,7673.34,9357.76,405.60,9222.20,7735.24,932.97}"
2022-01-19,"{7871.25,8986.66,129.91,8135.12,7454.84,1817.84,10950.09,7628.31,9941.20,27.61,9147.82,8112.42,1101.70,10181.59}"
2022-01-20,"{8976.48,379.70,8408.16,8039.74,1091.29,10976.60,7570.78,9714.64,1.73,9021.12,8242.25,912.42,10121.11,8030.30}"
2022-01-21,"{0.00,8725.69,8428.00,889.21,10841.38,7928.66,9505.48,0.69,9387.44,8298.93,1149.24,10390.35,8360.08,9892.80}"
2022-01-22,"{9008.29,8385.12,351.21,10972.45,7772.63,9414.19,28.59,9577.31,8351.37,531.94,10072.13,8480.56,9961.82,33.98}"
2022-01-23,"{8515.24,240.67,11046.80,7767.92,9487.69,37.69,9242.42,8308.45,311.04,10254.49,8196.54,10049.07,200.22,9597.24}"
2022-01-24,"{0.00,11176.47,7757.55,9601.96,62.76,9122.09,8293.48,1198.98,10562.02,8054.53,9874.10,172.63,9682.12,8670.14}"
2022-01-25,"{11255.77,7702.62,9669.12,0.69,9229.32,8387.14,1303.08,10396.57,8448.79,9771.94,160.70,9661.40,8687.03,482.73}"
2022-01-26,"{7792.15,9702.76,308.81,9502.58,8516.56,1408.26,10425.14,8133.41,9939.01,101.61,9446.94,8972.72,887.17,10639.70}"
2022-01-27,"{9788.93,151.10,9635.52,8356.31,700.70,10618.24,8073.41,10107.03,1411.47,9779.64,8846.85,693.47,10798.41,8324.00}"
2022-01-28,"{0.00,9878.38,8308.45,610.56,10451.79,8133.95,9957.66,171.72,9982.33,8556.26,1053.91,10926.80,8211.48,9797.84}"
2022-01-29,"{9959.79,8236.86,416.08,10091.23,7829.88,10253.80,0.00,10015.43,8737.84,606.16,10637.68,8328.71,9868.99,33.98}"
2022-01-30,"{8401.86,167.10,10842.70,8147.92,10312.15,135.21,10567.97,8702.94,487.93,10799.79,8054.81,9828.00,32.51,9403.39}"
2022-01-31,"{0.00,11119.60,8039.71,10249.57,300.13,9989.76,8490.89,520.26,11070.47,8251.49,9961.53,0.00,9331.95,8135.65}"
2022-02-01,"{11208.73,8229.08,10071.76,135.21,10346.78,8683.63,737.86,10885.34,8384.58,10069.08,0.00,9659.69,8452.09,545.64}"
2022-02-02,"{8059.66,9956.35,134.94,10132.42,8774.90,1015.26,10937.80,8365.50,10144.01,0.00,9643.33,8629.49,732.92,11027.32}"
2022-02-03,"{9839.39,49.08,10090.35,8610.38,461.72,11024.20,8164.91,9741.22,0.35,9596.28,8331.14,516.67,10657.02,7963.63}"
2022-02-04,"{0.00,10307.50,8717.07,680.31,10996.36,8362.71,10320.63,22.79,9803.64,8350.88,685.63,11260.31,7823.05,10046.15}"
2022-02-05,"{10377.08,8571.71,846.22,10937.41,8427.95,10077.73,37.69,9727.68,8272.81,669.10,10967.18,7870.04,10226.89,19.20}"
2022-02-06,"{8839.79,419.65,10928.66,8391.52,10149.23,0.00,10215.73,8167.90,590.21,11219.35,8027.08,10260.39,39.97,9734.21}"
2022-02-07,"{0.00,11393.51,8453.66,10010.73,112.45,10084.94,8101.76,620.91,11277.50,7881.18,10258.44,79.95,9556.72,8666.17}"
2022-02-08,"{11469.18,8365.15,9941.21,142.71,10008.23,8153.71,451.85,10915.99,7792.05,10064.10,37.69,9644.13,8805.57,1028.16}"
2022-02-09,"{8345.69,9745.38,33.66,10074.76,8068.34,749.09,11497.19,7704.26,10471.93,37.69,9742.21,8731.52,1286.44,11327.10}"
2022-02-10,"{9732.29,53.59,9894.26,8365.28,727.41,11196.90,7794.95,10098.57,2.76,9350.65,8870.21,1357.36,11415.32,8674.16}"
2022-02-11,"{0.00,10090.62,8205.25,755.40,11211.88,7712.74,10201.25,80.76,9911.73,8608.59,1570.89,11182.26,8547.56,10552.26}"
2022-02-12,"{10210.50,8267.15,751.55,11194.37,7767.73,10261.13,146.78,9728.43,8379.81,1110.60,11190.25,8565.81,10887.80,51.71}"
2022-02-13,"{8284.71,692.06,11142.97,7845.92,9992.41,0.00,10063.97,8718.44,1776.83,11182.73,8774.40,10997.61,791.48,11203.21}"
2022-02-14,"{0.00,11248.86,7674.80,10300.86,145.57,9978.40,8225.63,1249.67,11158.68,8424.95,10748.04,301.52,11039.51,10002.61}"
2022-02-15,"{11297.15,7623.94,10194.21,0.69,9640.49,8360.33,1623.99,11452.48,8451.24,10475.40,188.45,10950.32,9958.55,388.72}"
2022-02-16,"{7546.87,9990.12,245.01,9789.89,8544.32,1395.13,11591.46,8658.97,11054.33,247.95,11183.14,10113.97,688.92,13498.01}"
2022-02-17,"{9989.48,202.37,9617.38,8555.06,876.98,11452.51,8189.24,10430.39,0.00,10976.26,10063.31,670.94,13817.92,9954.20}"
2022-02-18,"{0.00,9650.15,8179.05,1717.46,11553.74,8084.25,10654.35,75.38,10666.81,9791.51,469.82,13503.48,9561.21,11858.82}"
2022-02-19,"{9841.88,7826.63,988.93,10834.35,8070.45,10659.71,109.88,10909.16,9819.19,1010.76,13762.91,9512.74,12045.09,125.89}"
2022-02-20,"{8280.75,641.93,10621.94,8051.18,10702.63,263.83,11022.20,9716.16,797.24,13680.47,9551.58,11761.26,527.65,12033.53}"
2022-02-21,"{0.00,11409.37,8120.95,10127.83,37.69,10433.61,9166.40,1487.37,13369.41,9718.09,11710.01,266.11,11924.62,9795.03}"
2022-02-22,"{11650.58,8074.89,10525.17,0.69,10569.44,9478.91,816.38,13262.62,9766.27,11458.69,113.07,11703.15,10514.74,340.42}"
2022-02-23,"{8022.07,10546.52,295.22,10392.35,9697.58,1104.83,13628.62,9890.38,11942.93,300.60,11942.02,10522.06,476.28,13090.47}"
2022-02-24,"{10445.24,292.01,10509.02,9509.07,1378.64,13524.80,9175.50,11690.69,0.00,11693.47,10613.44,506.71,12989.56,9766.03}"
2022-02-25,"{0.00,10831.43,9511.10,1083.00,13915.21,9675.36,11743.69,89.57,11705.00,10341.48,664.86,13210.11,9851.89,11226.30}"
2022-02-26,"{10842.99,9332.33,492.88,13393.88,9402.00,11771.87,75.38,11534.62,9852.99,730.10,13340.28,9822.92,11308.63,54.78}"
2022-02-27,"{9647.46,161.01,14296.22,9671.41,11866.17,113.07,12088.69,10178.69,410.15,13317.36,9979.22,11298.66,113.07,11668.09}"
2022-02-28,"{0.00,14395.00,9807.63,11580.38,31.99,11931.36,9991.15,927.24,13357.73,10055.03,10983.01,75.38,11617.33,10467.68}"
2022-03-01,"{14464.54,9489.85,11550.26,18.66,12003.48,10221.76,1044.46,12812.55,10250.48,11245.64,0.00,11285.30,10705.18,691.60}"
2022-03-02,"{10008.69,12088.42,309.16,12092.01,10465.59,736.76,13504.57,10242.88,11572.70,98.17,11475.21,10813.31,549.25,15196.03}"
2022-03-03,"{12187.35,37.69,12175.60,10481.34,914.90,13434.61,10462.77,11510.71,37.69,11063.77,10785.64,590.92,15438.32,10549.11}"
2022-03-04,"{0.00,12110.11,10541.70,826.71,13450.83,10569.56,11378.55,56.89,11466.63,10786.06,559.93,15647.81,10532.68,13579.97}"
2022-03-05,"{12732.12,10436.39,370.25,13290.03,10234.03,11528.35,60.48,11242.60,10475.69,347.60,15410.75,10667.40,13326.09,149.80}"
2022-03-06,"{10532.44,123.74,14353.68,10419.58,11705.01,0.00,12042.99,10544.91,551.16,15265.69,10698.32,13402.75,150.76,5459.79}"
2022-03-07,"{0.00,14204.25,10083.96,11348.72,0.00,12022.48,10645.04,234.22,15128.18,10302.26,13303.26,0.00,4471.26,13768.03}"
2022-03-08,"{14288.68,10209.37,11254.23,113.41,11548.53,10596.69,520.05,14654.09,10282.18,13611.03,0.00,4348.78,13837.80,5489.11}"
2022-03-09,"{10112.12,11440.99,526.91,11787.48,10765.30,1053.87,14926.87,10653.85,13366.92,0.00,4336.80,14001.50,5572.20,10488.58}"
2022-03-10,"{11670.28,234.18,11331.61,10796.52,851.46,14884.80,10591.58,13190.73,0.00,4157.93,13965.60,5555.46,10210.96,9087.40}"
2022-03-11,"{0.00,11655.90,10643.53,555.34,15450.84,10567.89,13126.68,301.52,4487.58,13544.10,5396.85,10502.09,8708.97,11852.08}"
2022-03-12,"{12295.03,10930.02,402.34,14858.17,10438.41,13017.58,37.69,5118.57,13404.02,5168.97,10250.59,8790.64,11613.54,150.49}"
2022-03-13,"{10718.87,419.27,14913.31,10475.98,12827.85,37.69,5142.59,13763.69,5500.42,11236.67,8907.01,11298.45,70.20,12801.58}"
2022-03-14,"{0.00,15218.86,10363.60,13135.41,0.00,4956.19,13847.29,5684.14,10240.63,9330.41,11635.05,108.00,12723.38,12478.62}"
2022-03-15,"{15028.82,10282.44,13331.75,0.00,4471.57,14000.37,5787.00,10664.39,8938.39,11711.37,22.79,12293.89,12658.50,424.59}"
2022-03-16,"{10382.24,13370.88,188.54,5021.30,13898.21,5575.37,10722.36,9235.91,12079.80,135.86,12307.24,12463.83,199.95,15520.40}"
2022-03-17,"{13477.46,0.00,5157.62,13849.50,5880.25,10800.77,9187.91,11889.93,98.17,12534.93,12500.77,266.17,15572.06,10366.44}"
2022-03-18,"{0.00,4420.47,14509.48,6187.56,10213.71,8835.92,12187.30,248.93,11917.08,12863.04,688.59,15623.62,10244.97,13363.99}"
2022-03-19,"{0.00,15133.99,7897.65,10328.76,9108.69,11406.76,600.86,10960.53,12676.72,620.22,15346.73,10486.85,13100.81,450.11}"
2022-03-20,"{15556.95,8380.72,9017.20,8654.67,11560.76,150.76,10369.94,12327.50,528.61,15134.55,10566.58,12660.63,60.48,12452.33}"
2022-03-21,"{8669.01,9352.67,8312.10,11807.19,177.12,10702.64,13039.24,516.84,14714.73,9259.98,12802.50,75.38,12667.14,11790.12}"
2022-03-22,"{9511.53,8636.64,11094.05,106.56,10645.80,13329.97,2185.94,14261.43,10113.21,12905.63,241.21,12154.12,12245.64,1561.86}"
2022-03-23,"{8983.74,11033.11,4212.44,10922.52,13343.92,2708.41,12983.72,10784.23,12795.11,4309.37,10735.80,12473.28,2969.59,13668.36}"
2022-03-24,"{11124.77,572.35,10938.14,12965.93,3172.47,12989.96,9723.40,12212.12,809.70,12113.13,11797.88,2768.28,13121.11,10754.31}"
2022-03-25,"{0.00,12093.43,11993.11,2644.36,13391.94,9537.99,12744.15,34.50,13572.86,11584.81,3128.70,13206.64,10263.36,13675.14}"
2022-03-26,"{12245.05,11892.40,503.40,13324.18,9765.33,12509.28,120.04,13418.73,11562.42,896.41,13032.49,10660.01,13541.66,0.00}"
2022-03-27,"{12142.79,284.68,15333.99,9847.22,12696.58,75.38,12471.67,11670.51,853.42,13949.61,10510.16,13203.46,188.45,14651.04}"
2022-03-28,"{0.00,15137.36,9546.39,13042.66,0.00,13052.56,12409.09,568.70,13962.49,10034.32,13547.67,113.07,14870.05,14078.46}"
2022-03-29,"{15400.72,9893.97,12785.13,0.00,13136.49,12188.24,856.57,13758.05,10281.66,13499.52,414.59,15277.02,14032.15,1309.06}"
2022-03-30,"{10087.56,13146.18,693.68,13612.74,11739.53,935.64,14273.24,10645.23,13331.96,294.20,15390.16,13507.03,360.44,18144.86}"
2022-03-31,"{13071.84,109.88,13661.95,12101.95,850.89,14229.93,10252.84,13770.95,0.00,15770.94,14247.76,482.30,18532.53,13387.51}"
2022-04-01,"{0.00,13959.55,12024.56,602.19,14324.66,10460.47,13537.40,226.14,15533.51,14074.69,437.01,18322.52,13746.03,16670.36}"
2022-04-02,"{14231.98,11847.90,180.52,14372.08,10008.90,13648.28,51.48,15477.89,13562.30,259.45,18506.69,13347.00,16633.27,172.59}"
2022-04-03,"{11810.59,213.14,14775.38,10231.41,13457.45,37.69,15511.72,13881.04,160.36,18650.40,13649.72,16763.71,0.00,16541.20}"
2022-04-04,"{0.00,14787.82,10295.58,13599.99,22.79,15827.16,14221.82,204.44,18827.54,13692.27,16950.68,0.00,16734.05,13462.18}"
2022-04-05,"{14921.78,10072.74,13749.43,22.79,15871.78,14060.10,543.21,18659.75,13660.45,16903.35,0.00,16674.01,13398.45,640.19}"
2022-04-06,"{10047.21,13786.58,0.00,15964.40,14537.47,444.02,18538.58,13701.54,17199.26,0.00,16632.63,13700.16,581.18,17919.97}"
2022-04-07,"{13564.67,0.00,15429.06,14140.70,188.26,18232.95,13707.44,16983.32,0.00,16447.66,13583.04,744.50,17847.63,12823.78}"
2022-04-08,"{0.00,15576.65,13978.94,691.76,18259.74,13670.61,17249.49,0.00,16654.46,13583.85,1038.22,17041.61,12584.37,15728.56}"
2022-04-09,"{15614.40,13865.15,928.51,18189.29,13604.14,17118.18,30.34,16935.84,13483.01,1079.60,17144.49,12938.27,16363.58,126.76}"
2022-04-10,"{14071.07,194.88,18066.34,13711.03,17083.22,0.00,16658.07,13432.95,1777.17,16550.78,13064.49,16132.26,262.02,17500.07}"
2022-04-11,"{0.00,19082.17,13702.37,16989.66,138.39,17070.30,13699.30,1768.42,17807.35,13002.16,16246.92,249.04,17361.87,15760.22}"
2022-04-12,"{19344.73,13670.96,17269.71,55.68,16906.12,13732.49,647.62,17908.97,13075.47,16227.55,66.34,17371.95,15863.46,419.62}"
2022-04-13,"{13650.51,16650.45,374.44,16472.14,13686.49,2103.99,17082.78,13038.84,15886.25,80.89,17160.96,15634.44,1188.92,19598.36}"
2022-04-14,"{17095.66,0.00,16907.88,13697.68,2283.51,17391.34,13409.40,16304.64,238.66,17247.34,15835.37,864.23,19954.35,13869.35}"
2022-04-15,"{0.00,18371.23,14011.64,2500.95,17811.24,13803.44,16314.36,556.03,17333.61,15636.65,1527.26,20356.28,13781.40,16315.47}"
2022-04-16,"{18533.59,13452.50,853.59,17411.29,13805.28,16469.20,198.89,17704.47,15442.08,840.40,20045.28,13892.52,16452.67,265.29}"
2022-04-17,"{14235.09,772.32,18814.66,13560.04,16345.17,823.80,17667.78,14990.25,1309.23,20413.57,13662.43,16352.10,302.78,18512.74}"
2022-04-18,"{0.00,19345.63,13010.63,16258.68,676.01,17268.90,15878.40,1178.40,20434.73,12927.65,16534.66,165.85,18158.84,4841.84}"
2022-04-19,"{19236.46,13072.82,16368.12,364.24,17414.09,15594.16,2829.72,20323.87,12815.83,16436.31,427.58,18528.58,5028.04,16717.96}"
2022-04-20,"{13424.35,16519.12,346.71,17399.67,15758.13,1883.98,20468.45,13426.62,16574.34,88.63,18663.61,5993.89,16607.37,6956.56}"
2022-04-21,"{16517.41,76.78,17585.34,15924.98,1500.96,20468.01,14051.71,16591.01,301.08,18319.80,5823.59,17368.90,6171.90,18470.34}"
2022-04-22,"{0.00,18623.14,15358.16,2149.15,20479.18,13379.33,16793.57,40.34,18858.64,4283.88,16898.96,6028.70,17754.55,16524.17}"
2022-04-23,"{18440.52,16086.49,1254.45,20980.19,13878.72,16760.74,325.15,19017.79,4909.79,17403.78,6045.27,18703.81,16419.53,78.18}"
2022-04-24,"{15945.06,805.98,20718.80,14001.58,16602.85,133.77,18955.24,5515.10,16058.55,6423.17,18382.60,16227.51,286.94,20036.22}"
2022-04-25,"{0.00,21444.58,13709.97,16952.04,155.88,19176.52,5020.45,17490.07,6327.88,19261.73,16569.64,196.57,20062.35,15178.92}"
2022-04-26,"{21317.03,13365.12,16757.15,272.33,18760.05,5621.09,16504.45,6732.54,19098.76,16957.56,264.38,19613.74,15280.15,1611.69}"
2022-04-27,"{13884.38,16949.07,567.07,18757.79,5475.19,18029.26,6733.88,19777.96,16222.43,0.00,19897.15,15281.05,4562.92,17842.87}"
2022-04-28,"{16920.36,0.00,18976.42,5637.10,17347.12,7171.26,18556.20,16933.71,264.90,19669.96,15432.61,3817.02,18130.12,12727.49}"
2022-04-29,"{0.00,20018.90,5461.67,17078.67,6639.55,18770.02,16165.17,0.00,20470.77,15051.99,3044.60,18118.48,12000.61,16432.42}"
2022-04-30,"{20112.69,5789.18,16274.50,7120.51,18812.18,15298.69,1932.27,19714.18,15028.61,1308.65,18255.65,12885.73,16453.63,200.18}"
2022-05-01,"{0.00,21288.60,7300.68,17447.81,16012.28,105.89,20083.58,12739.01,1634.98,18626.57,12330.84,15600.88,386.67,20132.45}"
2022-05-02,"{21994.68,4564.82,18753.85,16647.86,573.29,19397.49,14992.92,2381.40,18071.12,11450.82,17266.14,409.79,20075.54,16995.09}"
2022-05-03,"{0.00,20436.38,13992.86,944.08,19186.77,13374.87,4410.16,16642.83,10744.44,13316.70,499.83,18882.26,14660.52,5292.81}"
2022-05-04,"{21715.95,13164.56,5015.67,19398.11,14252.22,5495.42,15163.22,12989.51,16620.69,4558.21,19239.71,15665.07,5916.36,19117.75}"
2022-05-05,"{16184.77,1785.48,18724.26,13292.08,6244.95,12987.76,13573.00,16014.84,1780.30,17771.35,14224.03,6487.18,16024.40,12986.38}"
2022-05-06,"{0.00,21440.18,13308.15,4947.78,14391.30,13268.93,16869.66,121.96,19518.07,15015.32,4686.59,17774.98,13866.89,15841.08}"
2022-05-07,"{21352.68,14315.14,2622.53,12977.51,12162.78,15871.78,3297.52,20226.70,16490.98,1159.74,16086.01,12209.49,16182.89,1185.02}"
2022-05-08,"{15367.08,1618.73,17177.11,12689.36,15049.75,522.74,19836.54,16900.24,734.94,20476.15,12569.89,15348.13,90.85,16898.98}"
2022-05-09,"{0.00,19088.64,12115.97,15894.43,474.57,19747.68,15066.84,1823.85,20906.65,12645.81,15357.73,125.36,16470.36,12776.39}"
2022-05-10,"{19548.00,11935.51,14273.03,1543.47,18998.04,13584.36,3140.26,18623.88,12752.52,12863.31,416.97,14441.72,11091.38,3047.90}"
2022-05-11,"{12638.76,16316.16,743.94,19278.97,16387.43,957.68,19066.23,14053.46,15888.83,274.62,15709.27,14584.57,131.71,17238.95}"
2022-05-12,"{16500.60,0.00,17975.08,15391.60,924.83,18016.05,13419.13,15218.75,161.78,13637.61,14486.00,103.91,15693.77,13226.50}"
2022-05-13,"{0.00,20124.86,15623.19,1392.71,20502.66,12031.80,16480.55,80.89,16451.46,14450.88,308.54,18463.76,12150.82,17102.84}"
2022-05-14,"{19727.40,15809.24,813.75,20417.15,12225.31,16041.50,165.68,15857.47,14670.93,551.40,18286.71,12347.94,16700.62,0.00}"
2022-05-15,"{16633.69,1515.55,20793.14,12036.00,15476.56,155.96,16125.06,14995.97,537.50,18736.53,11504.06,16741.63,0.71,19630.48}"
2022-05-16,"{0.00,22158.66,12999.57,15738.11,248.37,16027.14,14972.74,2408.28,17790.93,13142.04,16854.30,0.00,19144.78,15629.07}"
2022-05-17,"{22111.60,12676.95,15825.02,612.75,15366.53,14668.01,405.18,18288.75,13685.78,16470.60,215.19,18601.52,15470.98,524.43}"
2022-05-18,"{13153.57,16175.88,582.72,15937.04,14520.54,564.50,18150.03,13217.59,16589.07,72.79,18358.50,15748.34,0.00,20187.72}"
2022-05-19,"{16136.66,0.00,15353.34,14048.87,161.57,17799.05,12289.67,16649.89,150.85,18094.23,15396.48,0.00,20590.75,13475.71}"
2022-05-20,"{0.00,16402.43,13224.02,643.58,17338.69,12693.95,16975.12,0.00,18763.20,15030.91,0.00,20394.80,13433.63,17477.84}"
2022-05-21,"{16034.07,13402.89,1260.33,18373.44,12558.39,16832.89,125.15,18471.44,15266.25,221.84,20852.97,13649.99,17301.45,0.00}"
2022-05-22,"{14493.79,566.23,18508.13,11596.80,16882.94,2.40,18298.68,15437.28,694.10,20701.65,13093.48,17113.65,0.00,20386.85}"
2022-05-23,"{0.00,18634.89,13131.17,16961.15,331.35,17596.86,16110.70,918.26,20586.37,13610.23,17100.71,49.42,18839.65,16879.93}"
2022-05-24,"{18573.93,12839.02,16865.28,14.61,18423.26,15274.92,415.22,21063.13,13316.47,16955.27,8.89,19258.98,16049.01,178.31}"
2022-05-25,"{12953.36,16451.44,218.92,18440.28,15411.69,829.36,20737.11,13653.35,16570.18,279.78,19382.90,16462.62,2251.78,22625.16}"
2022-05-26,"{16543.60,0.00,18084.21,15207.90,532.67,20616.44,13674.05,16758.97,0.00,19388.41,16777.46,1857.89,21431.40,10820.68}"
2022-05-27,"{0.00,19138.94,15172.20,965.40,21161.91,14047.56,17235.92,0.00,19525.67,16386.78,1244.66,21981.72,10972.93,13748.26}"
2022-05-28,"{18917.64,15549.91,1401.22,21266.96,14000.87,16844.77,211.05,19370.67,16006.27,1320.15,21622.66,10658.53,13451.14,6.62}"
2022-05-29,"{15558.18,786.45,21379.30,13888.40,17121.35,1.04,19705.40,16089.14,1260.10,21668.93,10839.46,13711.22,47.02,14245.80}"
2022-05-30,"{0.00,20967.38,13827.46,17028.75,45.58,20115.21,15963.72,359.16,21328.65,11884.57,13893.91,42.60,14868.46,12477.27}"
2022-05-31,"{21081.04,13969.08,17233.34,7.28,19502.61,16051.95,851.75,22026.59,11294.48,13665.00,51.72,14663.79,12681.56,404.45}"
2022-06-01,"{14049.56,16893.27,42.82,19470.34,15898.21,1996.15,21534.95,11406.80,13537.59,22.79,14195.04,12373.57,1981.48,14431.76}"
2022-06-02,"{16882.64,0.00,18911.98,15872.04,1288.53,21354.62,11173.59,13361.59,350.65,14297.64,12442.06,2318.84,14554.56,9866.25}"
2022-06-03,"{0.00,20671.39,15899.06,1865.59,21937.54,11822.17,13773.93,292.80,15199.83,12347.33,1560.86,14911.99,9095.83,13361.16}"
2022-06-04,"{20597.72,16231.22,877.48,22399.16,11520.17,13700.20,491.83,14475.53,12782.90,46.98,14611.93,9598.66,13055.60,39.09}"
2022-06-05,"{16401.62,866.42,22160.77,11730.43,13418.76,202.52,14915.39,12444.54,258.76,15647.88,9575.60,12931.70,146.55,16242.36}"
2022-06-06,"{0.00,22997.24,11749.00,13432.11,627.44,14503.66,12934.56,2069.01,15535.33,10156.05,13336.26,197.53,17339.67,14321.91}"
2022-06-07,"{22998.60,11122.79,13485.85,250.71,14110.04,12515.67,1058.21,15056.04,10403.98,13174.87,209.84,15905.68,14628.71,80.89}"
2022-06-08,"{11803.03,13629.83,735.55,13978.91,12085.79,1722.16,14967.71,10080.58,12755.54,95.58,15845.26,14224.70,0.00,20248.19}"
2022-06-09,"{13706.17,0.00,13694.30,11893.88,960.00,14014.31,9389.01,12676.53,105.95,15083.37,14263.55,70.79,19094.21,11220.71}"
2022-06-10,"{0.00,13779.42,11179.49,1565.55,14082.82,8143.60,13000.53,0.00,16213.42,13533.58,80.89,19211.54,11295.90,12851.25}"
2022-06-11,"{14016.92,11576.87,1125.98,14459.16,8912.74,12772.93,81.60,15831.34,14866.02,0.00,20540.66,10969.48,12972.13,0.00}"
2022-06-12,"{11782.75,490.52,14851.81,9629.09,13076.99,13.75,15868.84,14142.78,80.89,20265.50,11007.84,12465.75,1.59,15939.17}"
2022-06-13,"{0.00,14256.58,9166.60,13055.64,17.95,15885.54,14716.84,80.89,20113.19,11231.85,12656.81,32.08,15111.53,11550.93}"
2022-06-14,"{14582.76,8881.27,12949.54,2.21,15476.03,14287.99,6.62,20036.77,10967.64,13048.82,0.00,15153.29,11665.42,399.78}"
2022-06-15,"{9161.95,12719.17,99.94,15517.50,14560.76,45.04,19577.66,10848.56,12781.50,0.00,15350.92,11903.31,427.85,16404.50}"
2022-06-16,"{12477.68,0.00,14745.37,14117.95,31.62,18779.46,10278.22,12958.54,0.00,14146.00,11525.76,32.49,15118.27,9489.95}"
2022-06-17,"{0.00,15086.73,13385.59,63.32,18995.46,10404.46,13023.94,0.00,14182.60,11409.52,209.15,15371.64,9159.38,11082.14}"
2022-06-18,"{15077.78,13731.21,184.45,19313.99,10155.61,13152.38,21.73,14345.97,11712.29,105.06,15269.70,9556.15,11227.20,6.66}"
2022-06-19,"{14067.28,48.58,20671.80,10602.20,12929.66,51.40,14875.60,11358.85,19.43,16412.10,9286.60,11197.02,16.53,11223.19}"
2022-06-20,"{0.00,20315.94,10763.14,12901.71,56.58,15078.60,11828.87,46.98,16157.57,9423.80,11220.92,19.24,11029.94,9528.63}"
2022-06-21,"{20760.61,10718.04,13047.44,0.00,14560.03,12008.37,14.71,15843.19,9096.79,11350.25,2.84,10817.72,9341.91,305.76}"
2022-06-22,"{11396.20,13265.36,0.00,14648.64,12076.45,521.82,16227.88,9548.51,11811.01,0.00,10948.51,9358.46,287.19,10913.40}"
2022-06-23,"{13111.43,76.67,14443.80,12215.69,8.97,16714.56,9326.15,11886.97,0.00,11067.21,9349.48,142.29,10742.17,6639.99}"
2022-06-24,"{0.00,14469.52,11607.23,77.70,16928.06,9566.88,11533.84,0.00,11028.94,8921.30,410.32,10970.07,6429.24,6823.58}"
2022-06-25,"{14449.69,11533.88,46.46,17329.71,9283.39,12416.01,18.95,11707.72,8985.16,175.49,10830.57,6621.00,6528.42,40.84}"
2022-06-26,"{11948.83,220.49,17939.60,9825.47,12218.86,2.98,12054.43,9011.23,255.23,12072.15,6373.04,6731.14,59.98,4525.63}"
2022-06-27,"{0.00,17474.78,9548.08,12065.97,3.48,12403.87,9075.23,65.36,12108.06,6444.36,6830.23,267.46,4303.07,2353.52}"
2022-06-28,"{17940.56,9576.56,12178.21,0.00,11799.53,8887.01,89.86,11503.45,5910.20,6627.99,1.06,4297.36,2536.51,858.59}"
2022-06-29,"{9783.30,12660.77,89.61,11269.29,8453.09,19.51,12616.72,6672.08,6392.12,596.29,4246.12,2650.71,517.06,3375.67}"
2022-06-30,"{12247.74,40.11,10663.20,8394.37,3.09,11169.68,6388.88,6677.28,1531.08,3366.99,2968.70,190.77,3080.29,1482.39}"
2022-07-01,"{0.00,11567.96,8528.99,55.49,11235.44,6041.99,6955.16,541.63,3329.07,2207.83,238.79,2386.29,1280.18,1264.07}"
2022-07-02,"{11937.48,9206.59,975.69,11576.08,6031.91,6856.28,19.41,3461.86,1983.48,508.65,2345.86,1150.54,1148.62,9.35}"
2022-07-03,"{9217.08,322.10,10087.68,6076.17,7104.63,18.89,4728.71,2056.78,695.96,1356.27,1078.10,1201.67,18.95,466.46}"
2022-07-04,"{0.00,11512.26,6261.24,6872.37,11.83,4446.16,2632.55,379.05,1443.59,972.92,1274.28,33.83,379.64,1220.64}"
2022-07-05,"{11469.72,6446.17,6747.63,0.13,4404.15,2868.31,98.28,1571.64,1163.19,1230.91,0.00,365.89,1182.12,10.52}"
2022-07-06,"{6722.90,7511.17,736.74,4393.65,2906.50,236.99,3505.34,1292.37,1309.61,237.06,349.69,1260.17,110.34,946.83}"
2022-07-07,"{7665.75,75.15,4251.74,2973.91,62.78,3314.19,1417.40,1283.69,324.08,342.62,1241.26,45.29,802.58,709.27}"
2022-07-08,"{0.00,4590.76,3288.35,180.25,3627.11,1839.44,1681.38,172.40,386.67,1331.71,214.35,901.36,721.75,228.73}"
2022-07-09,"{4768.09,3394.41,639.61,3615.09,1749.66,1739.88,1.13,651.80,1340.29,228.63,897.31,622.46,224.31,9.10}"
2022-07-10,"{3180.56,406.18,1931.52,1699.80,1575.94,0.69,313.50,1233.56,303.90,808.90,636.71,271.78,17.32,56.83}"
2022-07-11,"{0.00,2635.83,1575.26,1731.05,42.05,326.69,1182.76,246.57,729.98,378.32,151.53,30.07,49.71,259.51}"
2022-07-12,"{1892.41,1235.69,1168.68,0.08,393.54,995.35,136.15,659.73,420.13,101.07,0.00,50.11,47.27,13.19}"
2022-07-13,"{1379.79,1200.56,267.07,369.56,1090.43,68.95,712.20,528.33,167.85,75.94,47.25,46.77,15.78,16.38}"
2022-07-14,"{1128.15,190.23,289.11,1020.98,119.04,715.43,387.74,91.53,47.33,48.10,50.32,24.40,12.69,19.32}"
2022-07-15,"{24.52,248.31,1039.68,204.73,673.80,500.12,117.91,35.75,39.57,42.70,42.49,18.49,12.48,36.00}"
2022-07-16,"{27.44,1010.96,167.23,662.19,396.96,95.21,4.22,29.38,39.88,3.36,18.12,9.56,14.17,0.60}"
2022-07-17,"{1106.02,167.00,642.41,456.48,101.41,3.24,37.67,37.80,7.37,11.44,25.17,6.55,1.94,3.82}"
2022-07-18,"{31.41,663.80,430.94,125.41,6.59,31.95,67.60,20.47,10.56,2.90,8.91,0.46,2.55,4.99}"
2022-07-19,"{705.98,510.82,94.66,1.54,19.74,57.64,2.02,18.64,4.20,5.78,0.21,10.62,5.53,0.00}"
2022-07-20,"{520.49,140.14,58.37,86.52,56.70,13.86,91.37,7.97,9.16,2.04,18.55,4.51,0.12,7.74}"
2022-07-21,"{156.75,38.23,71.56,74.04,3.57,15.00,84.15,7.66,4.24,10.18,6.70,2.15,2.92,7.26}"
2022-07-22,"{0.06,55.74,81.47,4.24,22.83,30.36,8.70,3.24,10.50,4.13,2.25,4.36,5.24,9.45}"
2022-07-23,"{65.36,85.79,34.00,47.33,20.33,7.30,3.19,5.05,3.96,2.07,10.18,5.32,3.84,0.25}"
2022-07-24,"{51.88,20.60,9.70,50.76,7.78,2.59,5.38,1.59,0.83,0.92,11.73,1.94,1.02,2.13}"
2022-07-25,"{34.81,24.52,12.35,6.03,1.36,7.68,65.13,3.90,2.05,2.73,2.65,1.92,1.11,17.41}"
2022-07-26,"{10.66,10.27,1.42,0.88,2.73,4.82,17.43,0.25,1.08,0.83,0.58,1.23,2.07,1.44}"
2022-07-27,"{6.47,13.96,1.38,0.56,1.69,9.83,32.33,0.54,0.27,0.54,0.84,0.27,1.08,56.60}"
2022-07-28,"{6.32,6.32,6.78,1.42,0.38,0.36,4.84,0.56,0.36,1.19,2.04,0.36,0.36,0.98}"
2022-07-29,"{0.00,0.00,0.04,0.06,0.04,0.12,0.00,0.36,0.17,0.33,0.10,1.04,0.02,0.27}"
2022-07-30,"{0.00,0.00,0.10,0.19,0.00,0.08,2.19,1.02,0.83,1.71,0.75,0.88,0.90,0.69}"
2022-07-31,"{0.00,0.00,0.00,0.02,0.00,0.00,2.44,0.08,0.67,0.94,0.52,1.25,0.08,1.29}"
2022-08-01,"{0.00,0.00,0.00,0.02,0.00,0.71,0.79,0.46,1.15,0.71,2.52,1.02,0.40,3.32}"
2022-08-02,"{0.00,0.00,0.00,0.60,0.31,0.06,8.93,0.06,0.15,0.40,0.12,1.06,0.19,1.04}"
2022-08-03,"{0.00,0.06,0.00,0.00,0.06,0.08,0.15,0.00,0.31,1.23,0.61,0.36,1.52,0.71}"
2022-08-04,"{0.00,0.23,0.00,0.04,0.46,0.17,1.04,0.48,0.98,0.84,0.29,1.19,0.90,1.52}"
2022-08-05,"{0.00,0.00,0.00,0.25,0.00,0.00,0.54,0.06,0.21,0.58,1.15,0.86,0.29,4.42}"
2022-08-06,"{0.00,0.00,0.35,0.00,1.44,0.36,0.17,0.69,0.12,0.96,1.11,0.15,2.44,0.84}"
2022-08-07,"{0.00,0.02,0.00,0.04,0.27,0.04,0.17,0.17,0.67,0.15,0.65,2.34,1.50,0.81}"
2022-08-08,"{0.00,0.00,0.00,0.12,0.02,0.48,0.00,0.77,1.11,0.86,3.21,0.88,0.38,0.40}"
2022-08-09,"{0.00,0.00,0.04,0.06,0.00,0.00,0.08,0.00,0.10,0.67,0.58,0.35,0.06,2.19}"
2022-08-10,"{0.00,0.00,0.00,0.31,0.63,0.52,4.01,0.15,0.42,0.12,0.31,0.29,2.19,0.36}"
2022-08-11,"{0.00,0.00,0.00,0.38,0.13,2.59,3.09,0.52,0.86,0.46,0.50,3.67,1.34,0.52}"
2022-08-12,"{0.00,0.00,0.00,0.15,2.82,2.02,0.08,0.29,0.65,0.29,1.69,0.40,0.19,0.48}"
2022-08-13,"{0.00,0.00,0.31,0.08,1.00,0.00,0.15,0.48,0.04,2.78,0.46,0.58,1.50,0.08}"
2022-08-14,"{0.00,0.13,0.00,0.17,0.86,0.00,0.88,1.02,2.98,1.84,0.52,2.38,0.38,2.65}"
2022-08-15,"{1.40,0.06,0.04,0.46,0.48,2.36,1.57,6.76,3.05,0.86,2.44,1.46,2.46,0.86}"
2022-08-16,"{0.00,0.00,0.00,0.00,0.12,0.00,0.13,0.06,0.65,1.25,0.00,1.98,0.27,0.06}"
2022-08-17,"{0.00,0.00,0.00,0.15,0.00,0.10,0.25,0.00,0.08,0.33,0.90,0.15,0.02,1.56}"
2022-08-18,"{0.00,0.00,0.19,0.00,0.00,0.61,0.00,0.77,0.04,0.29,0.19,0.00,3.57,0.56}"
2022-08-19,"{0.00,0.00,0.00,0.00,1.02,0.15,1.31,0.15,0.44,0.31,0.08,3.05,0.27,1.61}"
2022-08-20,"{0.00,0.00,0.00,0.19,0.00,0.46,0.17,0.61,0.31,2.15,3.30,0.75,0.02,0.13}"
2022-08-21,"{0.00,0.00,0.00,0.08,0.15,0.31,0.00,0.52,0.88,2.38,0.35,0.08,0.61,2.09}"
2022-08-22,"{0.00,0.00,0.00,0.00,0.15,1.79,0.54,0.44,3.65,0.31,0.12,1.25,1.69,0.67}"
2022-08-23,"{0.00,0.00,0.00,0.00,0.00,0.15,0.12,0.75,0.04,2.73,0.50,1.63,0.04,0.13}"
2022-08-24,"{0.00,0.00,0.00,0.88,0.00,0.00,0.04,0.00,0.83,0.04,0.02,0.02,0.08,9.54}"
2022-08-25,"{0.00,0.00,0.00,0.58,0.00,0.92,8.68,3.71,0.90,0.33,1.94,0.00,2.78,22.44}"
2022-08-26,"{0.00,0.00,0.00,0.50,0.00,0.00,0.81,0.10,1.94,0.52,0.02,0.04,0.10,4.30}"
2022-08-27,"{0.00,0.00,0.00,0.58,8.66,0.83,1.27,1.84,1.04,0.04,0.00,0.13,0.83,8.16}"
2022-08-28,"{0.00,0.00,0.00,0.08,0.38,1.42,0.44,0.23,0.00,1.13,0.04,0.90,0.83,19.53}"
2022-08-29,"{0.00,0.00,0.00,0.00,0.50,0.44,0.27,0.00,1.56,0.27,0.61,4.40,3.51,7.22}"
2022-08-30,"{0.00,0.00,0.00,0.00,0.35,0.35,3.13,3.42,0.15,2.57,4.28,5.05,4.22,26.42}"
2022-08-31,"{0.00,0.00,0.00,0.00,0.00,0.86,0.02,0.17,1.67,1.25,7.83,2.44,8.54,31.95}"
2022-09-01,"{0.00,0.00,0.00,0.08,0.79,1.11,6.11,0.50,3.13,4.86,8.85,23.37,43.64,37.13}"
2022-09-02,"{1.13,0.04,0.73,0.04,5.07,5.57,4.32,3.09,3.80,16.97,22.92,43.12,37.86,117.66}"
2022-09-03,"{0.00,0.00,0.00,0.60,5.26,2.11,5.16,2.25,3.63,13.21,50.65,46.50,106.33,33.08}"
2022-09-04,"{0.00,0.00,0.00,2.53,1.63,0.86,2.27,2.53,7.24,33.87,33.83,100.05,34.06,46.83}"
2022-09-05,"{0.00,0.00,0.15,2.28,2.07,1.38,14.32,5.45,36.35,10.54,107.54,32.14,29.47,194.75}"
2022-09-06,"{0.00,0.00,0.00,1.77,0.02,30.74,1.84,28.11,4.05,84.84,13.13,16.99,181.09,50.84}"
2022-09-07,"{0.00,0.00,0.00,0.04,20.35,5.32,32.89,4.99,82.68,16.42,16.32,157.04,67.10,226.50}"
2022-09-08,"{0.00,0.00,0.00,3.05,1.54,30.34,15.99,83.69,10.81,12.25,165.54,55.24,233.59,245.20}"
2022-09-09,"{0.00,0.02,0.00,5.86,29.28,7.07,82.35,15.88,16.63,165.06,64.01,222.45,255.92,281.61}"
2022-09-10,"{0.00,0.00,1.40,30.53,9.08,83.17,11.98,18.05,157.84,36.71,221.84,260.16,275.04,35.94}"
2022-09-11,"{0.00,0.15,29.03,19.62,86.82,9.62,17.36,156.00,30.30,234.84,254.15,301.31,47.48,193.29}"
2022-09-12,"{0.92,27.19,5.28,78.36,9.16,13.13,148.44,42.55,222.18,234.70,279.88,56.04,199.20,296.91}"
2022-09-13,"{30.11,2.76,86.57,5.36,4.15,160.19,15.84,217.19,226.94,280.07,26.96,184.30,285.95,72.06}"
2022-09-14,"{2.36,87.42,19.35,36.94,155.16,43.51,244.76,219.53,281.51,49.82,171.86,260.04,104.52,749.97}"
2022-09-15,"{111.57,14.34,11.60,175.32,36.84,274.75,219.09,310.58,38.23,175.07,282.24,91.97,757.65,481.52}"
2022-09-16,"{9.37,17.26,211.49,57.58,278.25,219.00,332.03,57.37,198.45,299.17,122.57,740.28,472.80,939.51}"
2022-09-17,"{7.03,202.33,25.92,250.83,216.96,334.81,33.81,185.63,313.67,84.77,741.93,505.02,1013.93,82.10}"
2022-09-18,"{202.68,13.06,209.13,223.26,329.82,42.84,171.78,337.71,55.64,585.04,494.09,1001.86,104.31,412.40}"
2022-09-19,"{9.00,204.61,269.20,340.32,40.67,218.78,370.81,79.68,575.12,514.83,950.15,138.76,440.26,1214.63}"
2022-09-20,"{242.19,264.69,293.01,24.54,177.39,354.18,23.35,623.71,537.70,827.65,126.03,446.28,1263.55,76.47}"
2022-09-21,"{276.38,272.56,62.55,213.22,361.94,18.41,741.18,536.12,795.72,165.64,531.40,1288.26,151.56,1987.64}"
2022-09-22,"{357.37,82.02,282.09,431.02,121.17,794.34,687.24,855.03,166.31,651.94,1429.86,167.79,2082.43,2006.52}"
2022-09-23,"{38.38,271.78,401.66,123.42,843.00,726.89,1107.30,154.75,615.80,1245.93,406.02,2075.93,2060.43,1804.11}"
2022-09-24,"{310.91,366.66,116.45,785.18,844.07,1042.58,94.20,706.14,1196.97,361.34,2079.25,1984.17,1854.60,80.08}"
2022-09-25,"{386.27,107.08,665.97,734.05,1078.50,53.34,643.05,1305.00,293.09,1935.71,2093.87,1845.77,79.58,841.16}"
2022-09-26,"{38.65,671.71,635.27,1087.62,76.74,665.38,1525.96,218.80,1918.89,1917.81,1800.22,45.75,616.12,2173.71}"
2022-09-27,"{662.53,607.80,836.51,100.74,659.94,1292.95,117.39,1871.29,1901.70,1518.42,63.57,620.32,1635.23,1347.03}"
2022-09-28,"{617.97,904.17,208.42,649.86,1426.29,174.91,2185.23,1916.70,1525.13,345.15,545.46,1701.31,1835.44,1771.49}"
2022-09-29,"{940.17,182.52,616.11,1405.44,256.54,2035.01,1992.48,1623.18,352.54,454.72,1772.28,1662.74,1934.88,1573.54}"
2022-09-30,"{29.88,621.77,1194.03,283.03,1937.09,1922.54,1794.46,326.98,393.28,1532.45,1497.64,1784.40,1524.69,1925.53}"
2022-10-01,"{802.96,1384.54,357.16,2080.38,1981.96,1847.33,120.61,541.09,1859.45,1383.28,1716.17,1599.23,1918.39,103.74}"
2022-10-02,"{1381.34,228.54,1873.65,1973.85,1750.10,95.54,506.19,1773.42,1381.32,1516.54,1561.65,1810.37,340.28,2318.76}"
2022-10-03,"{28.17,1947.76,1907.06,1784.93,87.17,448.94,1848.75,1155.69,1638.47,1449.00,2065.25,483.03,2436.14,2901.52}"
2022-10-04,"{1987.74,1944.04,1588.66,82.87,595.22,1860.02,1093.69,1650.03,1553.45,1672.99,355.12,2345.03,2928.84,261.34}"
2022-10-05,"{1990.66,1576.38,360.96,564.83,1982.19,1184.56,1720.27,1420.05,1787.83,529.44,2220.21,2926.06,806.40,4660.99}"
2022-10-06,"{1677.89,246.03,426.40,1989.52,1284.96,1829.28,1636.65,1857.39,361.34,2419.03,3065.72,834.89,4337.64,3293.36}"
2022-10-07,"{39.69,426.69,1718.76,1445.84,1805.88,1663.58,2031.88,325.73,2375.28,3028.31,705.81,4420.94,3358.37,4465.65}"
2022-10-08,"{10.08,1862.53,1423.81,1906.10,1669.27,2015.00,126.64,2094.99,2785.37,1465.50,4048.99,3259.16,4081.64,120.75}"
2022-10-09,"{2058.72,1452.33,1816.34,1526.78,1958.86,102.85,1899.49,3037.29,726.24,4150.62,3452.49,4155.56,32.91,4041.56}"
2022-10-10,"{1598.79,1761.81,1511.08,1807.05,93.81,1835.12,3371.16,1367.04,4644.39,3104.77,4230.37,101.05,4854.94,6118.46}"
2022-10-11,"{1741.94,1480.19,1792.11,107.42,1864.07,3032.07,939.05,4447.26,3127.28,4071.55,138.76,4640.88,5545.69,254.37}"
2022-10-12,"{1624.27,1824.50,860.33,1907.73,3129.12,970.99,4231.95,3356.41,4296.71,1408.95,4810.60,5350.08,1302.36,6966.37}"
2022-10-13,"{1960.36,636.73,2330.19,3221.60,784.84,4473.15,3449.32,4337.01,1109.72,4463.98,5794.20,1297.34,6957.29,5202.70}"
2022-10-14,"{4.22,2300.76,3015.07,1013.45,4414.43,3090.74,4511.33,510.16,4445.20,5502.91,1396.93,6609.45,4905.95,6077.28}"
2022-10-15,"{2513.73,2719.61,1133.86,4197.12,2967.81,4391.85,106.69,4767.26,5143.42,1895.48,6852.50,4663.16,5799.69,592.40}"
2022-10-16,"{2855.91,606.60,3888.43,2912.76,4452.61,7.99,4413.08,5848.24,1387.91,6320.95,4894.48,5788.01,0.00,4688.87}"
2022-10-17,"{39.42,4061.93,2762.40,4378.20,0.00,4679.82,5826.82,411.09,6914.09,4370.61,6039.23,0.00,5737.63,4411.70}"
2022-10-18,"{4110.72,2716.99,3894.88,178.50,4330.44,5570.60,1308.33,6850.54,4773.52,5494.20,50.59,5781.77,4384.49,4593.54}"
2022-10-19,"{2911.92,4238.73,910.68,4711.76,5871.30,767.08,7142.27,5091.23,5724.75,1419.71,5605.82,4337.13,4225.44,2023.30}"
2022-10-20,"{4549.86,597.25,4136.38,6070.14,727.89,7340.66,4476.96,5767.95,1374.91,5190.94,4372.11,4014.03,1889.11,6176.72}"
2022-10-21,"{0.00,4548.38,5811.42,703.12,6926.63,4597.36,6133.02,782.34,5198.46,4257.85,3805.23,2409.43,5992.57,7115.44}"
2022-10-22,"{5146.21,5772.15,652.15,7246.56,4672.90,5966.34,102.66,5629.94,4176.21,4241.26,1794.84,6319.62,7422.43,56.10}"
2022-10-23,"{5972.41,502.77,7043.17,4784.18,5931.82,0.00,6217.27,4471.28,4097.01,1665.27,5740.26,7225.90,0.00,7501.84}"
2022-10-24,"{0.00,7252.05,4608.83,6058.06,12.94,6131.06,4615.12,4036.76,1989.00,5662.02,7668.38,0.00,7701.04,7379.27}"
2022-10-25,"{7549.25,4814.71,6148.59,0.00,6136.19,4226.09,3804.79,2319.00,6424.20,7709.51,0.00,8124.58,7747.32,275.06}"
2022-10-26,"{5213.49,6186.34,460.45,6013.54,4680.46,3599.75,2886.76,5605.21,8107.87,142.29,7591.76,7882.64,1267.85,7770.41}"
2022-10-27,"{6456.46,257.11,5920.99,4785.56,3954.59,2405.07,6437.41,7609.31,0.00,7778.61,7517.66,1243.51,8478.11,6996.73}"
2022-10-28,"{0.00,5884.40,5021.78,3458.15,2751.55,6241.71,7715.77,0.00,8290.21,7450.14,915.74,8288.35,6571.41,8482.94}"
2022-10-29,"{6402.53,4885.34,3383.44,2901.41,6019.56,7447.64,18.78,7317.02,7830.95,1076.51,8590.33,6416.72,8418.45,59.12}"
2022-10-30,"{4925.26,3079.28,2606.98,6674.50,7270.96,0.00,7593.35,7388.22,1193.55,8735.58,7106.07,8293.92,0.00,8644.05}"
2022-10-31,"{5206.85,1713.93,6437.13,7531.28,0.00,7509.39,7191.90,346.14,8365.27,6493.31,8289.37,0.00,8780.41,8080.76}"
2022-11-01,"{0.00,6460.09,7342.04,90.85,7739.62,7073.05,859.07,7922.38,7060.57,6845.38,77.97,8476.82,7891.60,366.67}"
2022-11-02,"{6988.97,7227.15,524.31,7624.78,7095.80,1133.36,7989.48,7095.42,7449.06,1671.38,8424.13,7899.65,1458.41,9963.38}"
2022-11-03,"{7546.16,695.64,7609.52,7452.98,1396.80,7502.28,7282.37,7899.51,84.58,7642.00,7646.30,1428.71,9991.80,7215.09}"
2022-11-04,"{0.00,8204.22,7210.00,1448.43,7516.88,7209.16,8460.15,55.16,7791.01,7672.63,2208.29,9572.99,7530.22,8848.80}"
2022-11-05,"{8550.36,7004.95,1082.36,7723.32,7415.60,7767.34,267.42,8856.98,7982.30,545.88,9932.56,7606.56,8753.51,97.79}"
2022-11-06,"{7482.74,282.20,7965.24,7126.79,8299.56,0.00,8899.26,7583.60,402.85,10875.69,7611.88,9041.59,0.00,9213.83}"
2022-11-07,"{0.00,8298.80,6918.59,8111.27,0.00,8767.22,7773.75,1302.80,10453.21,7620.36,9106.56,0.00,9292.24,8351.04}"
2022-11-08,"{8899.47,6732.88,7995.11,19.64,8511.24,8077.08,806.75,10420.09,7156.36,9288.40,0.00,9165.96,8717.20,2367.51}"
2022-11-09,"{6964.34,7393.73,237.77,8169.70,8084.64,780.79,9684.48,7133.01,9330.99,30.45,9139.35,8841.12,1382.28,9900.71}"
2022-11-10,"{7985.34,147.86,7916.10,8320.20,714.70,10185.18,7466.07,8982.70,0.00,8909.34,8935.07,826.71,10019.56,8328.19}"
2022-11-11,"{0.00,8005.56,8014.94,485.28,10092.96,7263.57,8925.95,0.00,9142.31,8570.80,1508.72,10056.71,8210.28,9581.89}"
2022-11-12,"{8323.68,7580.14,1090.89,9921.37,7282.62,9108.27,51.24,9303.15,8675.85,1324.65,9911.37,8081.76,9619.74,88.99}"
2022-11-13,"{7765.21,592.38,9695.23,6991.12,8905.11,0.00,9238.56,8469.75,898.64,9989.47,8059.24,9373.48,0.00,10092.50}"
2022-11-14,"{0.00,10288.17,6800.64,9161.74,0.00,9151.49,8338.39,1075.68,10041.81,7678.58,9610.10,0.00,9905.49,9375.11}"
2022-11-15,"{10095.42,6464.95,8675.96,0.00,9092.49,8699.40,765.18,9791.29,7699.33,9339.99,0.00,9786.37,9193.79,486.01}"
2022-11-16,"{7083.24,8510.44,15.82,9245.28,8737.06,881.36,9679.41,7616.85,9861.66,50.80,9739.93,9097.61,875.02,11678.67}"
2022-11-17,"{8719.01,87.48,7952.10,8528.01,1028.62,9665.87,8087.25,9849.89,0.00,9707.67,9146.19,962.59,11495.38,9221.63}"
2022-11-18,"{0.00,8208.08,8350.29,1067.12,9291.05,8149.17,9525.77,44.64,10267.87,9165.57,886.77,11852.94,9391.22,10895.37}"
2022-11-19,"{9019.99,7868.83,1335.57,9446.73,8220.56,9607.64,128.35,9406.68,9091.22,654.95,11679.09,9171.00,10727.33,0.00}"
2022-11-20,"{8506.75,1110.72,9655.60,7700.28,9610.16,26.19,9285.52,8814.62,1001.82,11542.91,9180.84,10585.77,22.62,10304.79}"
2022-11-21,"{0.00,10145.28,7483.53,9761.55,0.00,9276.34,8709.54,620.10,11434.10,8743.80,10709.64,0.00,10525.46,9491.67}"
2022-11-22,"{10216.82,7372.01,9441.75,0.00,9300.86,8980.93,859.28,11739.61,8696.37,10460.45,0.00,10483.32,9645.52,538.83}"
2022-11-23,"{7602.01,9109.63,182.46,9056.54,8734.37,862.60,11827.39,9165.02,10742.44,108.56,10659.59,9747.94,1131.15,13932.94}"
2022-11-24,"{9222.74,160.90,9335.64,8286.68,1193.03,11819.15,9086.98,11029.54,0.00,9918.55,9936.15,1159.26,12871.27,9677.76}"
2022-11-25,"{0.00,9785.53,8457.18,809.61,11590.60,9128.28,10530.85,31.28,10326.18,9599.19,791.48,13400.74,9590.30,11236.28}"
2022-11-26,"{9973.36,8476.26,941.18,11436.59,8831.14,10439.73,0.00,10689.31,9437.68,924.63,13128.88,9436.45,11096.18,162.80}"
2022-11-27,"{8812.29,533.64,11493.83,8787.65,10749.83,0.00,10421.24,9576.89,966.57,13446.45,9674.44,11274.55,37.69,10923.17}"
2022-11-28,"{0.00,11785.06,8426.38,10480.13,0.00,10644.69,9263.21,996.88,13127.98,9551.85,11254.04,0.00,10794.45,9879.15}"
2022-11-29,"{11845.67,8692.01,10579.99,0.00,10129.73,9460.94,1308.38,13808.56,9222.14,11239.91,0.00,10888.74,10027.43,1012.32}"
2022-11-30,"{8669.25,10816.95,56.62,10241.66,9330.53,683.39,13740.35,9717.12,11409.95,0.00,10730.52,9936.00,1573.63,12938.49}"
2022-12-01,"{10749.49,39.09,10221.83,9578.88,1344.02,13731.28,9480.90,11536.92,97.90,10909.34,10123.22,1231.14,12290.49,9287.23}"
2022-12-02,"{0.00,10618.54,9725.51,881.09,13906.27,9495.92,11541.68,148.20,10855.20,9908.27,1113.47,12591.82,9339.46,10955.69}"
2022-12-03,"{10698.55,9663.64,656.49,13580.18,9286.75,11299.81,0.00,10853.36,10087.99,1433.40,12257.91,9359.12,10516.47,549.64}"
2022-12-04,"{9670.23,209.13,13593.50,9361.65,11468.79,0.00,10935.76,9977.51,1558.27,12653.16,9172.88,11077.96,45.58,12428.70}"
2022-12-05,"{0.00,14125.77,9463.07,11283.02,45.58,11083.28,10345.65,1171.33,12768.34,9083.62,11101.69,42.60,12544.36,10301.66}"
2022-12-06,"{14109.26,9361.59,11399.14,124.01,10845.27,10113.62,944.28,12615.72,9160.13,11075.27,32.51,12267.01,10344.38,803.88}"
2022-12-07,"{9851.83,12150.11,147.92,11342.55,10322.76,1648.30,12812.39,9342.07,11174.50,0.00,11990.02,10348.15,1477.06,11544.44}"
2022-12-08,"{12162.64,348.84,11429.05,10401.93,1597.84,12667.57,9656.22,10987.62,107.73,11855.29,10342.96,1674.66,11902.29,9869.28}"
2022-12-09,"{0.00,11728.15,10415.69,1427.58,12955.99,9432.36,11022.26,197.22,11586.78,10231.07,1376.28,12164.01,10136.56,12518.21}"
2022-12-10,"{11875.97,10298.94,1330.31,12838.33,9369.96,10856.91,310.29,12153.22,10099.20,1202.00,12414.43,10035.59,12358.96,436.17}"
2022-12-11,"{10300.47,637.40,13330.71,9551.60,10928.72,197.97,12622.89,9966.93,1203.38,13033.11,10127.46,12091.47,55.30,11709.75}"
2022-12-12,"{0.00,13753.96,9635.23,11020.47,22.79,12600.35,10077.25,2097.83,12558.87,10097.22,12242.19,0.00,11284.51,10162.10}"
2022-12-13,"{13616.14,9501.87,11391.88,83.62,12351.59,10277.26,1406.90,12197.64,10034.61,12435.57,39.97,10571.12,9976.45,5908.82}"
2022-12-14,"{9476.72,11614.60,115.07,12727.49,10290.89,2073.58,12631.78,9910.66,12508.86,37.73,10714.64,9830.75,6589.27,10730.42}"
2022-12-15,"{11367.42,148.49,12817.32,10578.74,2010.18,12480.08,9376.05,12276.94,70.04,11339.42,9852.35,5868.50,10453.11,10880.97}"
2022-12-16,"{0.00,12588.46,9875.94,1781.68,12627.90,8578.02,12500.35,197.34,11288.77,8983.76,5669.53,10720.03,10512.73,15493.22}"
2022-12-17,"{12749.11,10111.03,1526.36,12827.29,9100.70,12288.06,32.51,11829.93,9034.96,5680.19,10449.35,10615.72,16321.80,331.05}"
2022-12-18,"{10366.98,702.01,12760.11,8878.18,12543.57,0.35,11773.69,9457.52,5647.45,10522.41,10482.99,16307.33,45.58,3191.39}"
2022-12-19,"{0.00,13252.49,10511.52,12645.00,128.12,11381.99,9984.79,6174.45,10890.82,10680.12,16479.69,37.69,2656.44,3955.18}"
2022-12-20,"{13714.29,10419.23,13029.27,102.16,10953.77,9745.63,6207.72,10959.99,10557.60,17199.84,60.48,2318.71,2977.65,1635.97}"
2022-12-21,"{10258.31,12713.05,153.68,11947.18,9578.96,6311.06,10545.89,10201.75,17229.91,23.48,2887.05,3223.58,1226.63,15483.34}"
2022-12-22,"{12437.28,436.32,12005.09,9935.35,5749.25,11223.74,10802.27,16184.26,32.35,3983.04,4176.86,2078.38,14685.08,11057.61}"
2022-12-23,"{0.00,11875.85,9900.06,5756.89,10972.78,11046.26,15932.43,309.58,3154.50,4138.20,2112.25,15016.72,11182.21,11575.55}"
2022-12-24,"{12599.21,9625.27,5760.79,10814.72,10778.25,16570.87,37.69,3094.04,2738.80,2320.99,15306.80,11376.81,13048.95,97.71}"
2022-12-25,"{9916.01,5150.80,10994.78,11045.95,15457.23,83.27,4506.34,3933.81,2591.62,15392.95,10406.05,12933.98,142.71,4692.06}"
2022-12-26,"{8588.31,10353.87,10660.55,16473.35,173.36,4423.16,3465.20,2565.06,15817.32,11306.67,12643.62,237.64,3305.70,15082.20}"
2022-12-27,"{9675.55,10518.89,16540.80,407.02,3708.54,2596.47,2154.03,15427.35,11361.18,13270.75,67.24,3020.56,14741.47,7821.35}"
2022-12-28,"{10736.35,15460.42,1322.02,4140.92,2822.53,2510.88,14851.87,10415.44,13183.70,1818.82,3679.26,14075.87,7208.39,9754.16}"
2022-12-29,"{15603.36,836.64,2175.94,2293.77,2236.55,15599.65,11962.21,11567.69,346.10,3328.26,15253.27,8226.74,9420.73,8843.00}"
2022-12-30,"{4367.44,1332.48,1707.44,3088.70,15602.78,12504.44,13169.13,3269.16,2471.87,13981.61,8688.58,9233.38,8105.82,9412.40}"
2022-12-31,"{4845.54,2195.81,2075.37,14872.09,11744.35,13363.70,726.64,3061.46,14507.83,8012.26,9451.87,8329.52,9931.24,1154.00}"
